observation_date,average_hourly_earnings,consumer_price_index_fred,cpi_monthly_seasonally,disposable_personal_income_b,employment_cost_index_wage_growth,federal_funds_interest_rates,median_personal_income_us,pce_durable_goods,pce_energy_goods_services,pce_non_durable_goods,pce_services,personal_savings_rate,recession_indicator,unemployment_rate
1950-01-01,2.5,424.4,23.51,214.823,87.6,0.8,5335.0,42.3,22.6,125.1,138.7,11.3,0,6.5
1950-02-01,2.5,425.6,23.61,214.823,87.6,0.8,5335.0,42.3,22.6,125.1,138.7,11.3,0,6.4
1950-03-01,2.5,423.8,23.64,214.823,87.6,0.8,5335.0,42.3,22.6,125.1,138.7,11.3,0,6.3
1950-04-01,2.5,423.2,23.65,214.823,87.6,0.8,5335.0,42.3,22.6,125.1,138.7,11.3,0,5.8
1950-05-01,2.5,421.4,23.77,214.823,87.6,0.8,5335.0,42.3,22.6,125.1,138.7,11.3,0,5.5
1950-06-01,2.5,419.3,23.88,214.823,87.6,0.8,5335.0,42.3,22.6,125.1,138.7,11.3,0,5.4
1950-07-01,2.5,415.1,24.07,214.823,87.6,0.8,5335.0,42.3,22.6,125.1,138.7,11.3,0,5.0
1950-08-01,2.5,411.8,24.2,214.823,87.6,0.8,5335.0,42.3,22.6,125.1,138.7,11.3,0,4.5
1950-09-01,2.5,408.8,24.34,214.823,87.6,0.8,5335.0,42.3,22.6,125.1,138.7,11.3,0,4.4
1950-10-01,2.5,406.7,24.5,214.823,87.6,0.8,5335.0,42.3,22.6,125.1,138.7,11.3,0,4.2
1950-11-01,2.5,404.9,24.6,214.823,87.6,0.8,5335.0,42.3,22.6,125.1,138.7,11.3,0,4.2
1950-12-01,2.5,399.5,24.98,214.823,87.6,0.8,5335.0,42.3,22.6,125.1,138.7,11.3,0,4.3
1951-01-01,2.5,393.2,25.38,237.177,87.6,0.8,5335.0,42.3,22.6,125.1,138.7,11.3,0,3.7
1951-02-01,2.5,388.8,25.83,237.177,87.6,0.8,5335.0,42.3,22.6,125.1,138.7,11.3,0,3.4
1951-03-01,2.5,387.3,25.88,237.177,87.6,0.8,5335.0,42.3,22.6,125.1,138.7,11.3,0,3.4
1951-04-01,2.5,386.7,25.92,237.177,87.6,0.8,5335.0,42.3,22.6,125.1,138.7,11.3,0,3.1
1951-05-01,2.5,385.2,25.99,237.177,87.6,0.8,5335.0,42.3,22.6,125.1,138.7,11.3,0,3.0
1951-06-01,2.5,385.8,25.93,237.177,87.6,0.8,5335.0,42.3,22.6,125.1,138.7,11.3,0,3.2
1951-07-01,2.5,385.2,25.91,237.177,87.6,0.8,5335.0,42.3,22.6,125.1,138.7,11.3,0,3.1
1951-08-01,2.5,385.2,25.86,237.177,87.6,0.8,5335.0,42.3,22.6,125.1,138.7,11.3,0,3.1
1951-09-01,2.5,382.8,26.03,237.177,87.6,0.8,5335.0,42.3,22.6,125.1,138.7,11.3,0,3.3
1951-10-01,2.5,380.7,26.16,237.177,87.6,0.8,5335.0,42.3,22.6,125.1,138.7,11.3,0,3.5
1951-11-01,2.5,378.9,26.32,237.177,87.6,0.8,5335.0,42.3,22.6,125.1,138.7,11.3,0,3.5
1951-12-01,2.5,377.4,26.47,237.177,87.6,0.8,5335.0,42.3,22.6,125.1,138.7,11.3,0,3.1
1952-01-01,2.5,377.4,26.45,250.455,87.6,0.8,5335.0,42.3,22.6,125.1,138.7,11.3,0,3.2
1952-02-01,2.5,379.8,26.41,250.455,87.6,0.8,5335.0,42.3,22.6,125.1,138.7,11.3,0,3.1
1952-03-01,2.5,379.8,26.39,250.455,87.6,0.8,5335.0,42.3,22.6,125.1,138.7,11.3,0,2.9
1952-04-01,2.5,378.3,26.46,250.455,87.6,0.8,5335.0,42.3,22.6,125.1,138.7,11.3,0,2.9
1952-05-01,2.5,378.0,26.47,250.455,87.6,0.8,5335.0,42.3,22.6,125.1,138.7,11.3,0,3.0
1952-06-01,2.5,376.8,26.53,250.455,87.6,0.8,5335.0,42.3,22.6,125.1,138.7,11.3,0,3.0
1952-07-01,2.5,374.1,26.68,250.455,87.6,0.8,5335.0,42.3,22.6,125.1,138.7,11.3,0,3.2
1952-08-01,2.5,373.5,26.69,250.455,87.6,0.8,5335.0,42.3,22.6,125.1,138.7,11.3,0,3.4
1952-09-01,2.5,374.1,26.63,250.455,87.6,0.8,5335.0,42.3,22.6,125.1,138.7,11.3,0,3.1
1952-10-01,2.5,373.5,26.69,250.455,87.6,0.8,5335.0,42.3,22.6,125.1,138.7,11.3,0,3.0
1952-11-01,2.5,373.5,26.69,250.455,87.6,0.8,5335.0,42.3,22.6,125.1,138.7,11.3,0,2.8
1952-12-01,2.5,374.1,26.71,250.455,87.6,0.8,5335.0,42.3,22.6,125.1,138.7,11.3,0,2.7
1953-01-01,2.5,375.0,26.64,265.985,87.6,0.8,5335.0,42.3,22.6,125.1,138.7,11.3,0,2.9
1953-02-01,2.5,376.8,26.59,265.985,87.6,0.8,5335.0,42.3,22.6,125.1,138.7,11.3,0,2.6
1953-03-01,2.5,375.9,26.63,265.985,87.6,0.8,5335.0,42.3,22.6,125.1,138.7,11.3,0,2.6
1953-04-01,2.5,375.6,26.69,265.985,87.6,0.8,5335.0,42.3,22.6,125.1,138.7,11.3,0,2.7
1953-05-01,2.5,374.7,26.7,265.985,87.6,0.8,5335.0,42.3,22.6,125.1,138.7,11.3,0,2.5
1953-06-01,2.5,373.2,26.77,265.985,87.6,0.8,5335.0,42.3,22.6,125.1,138.7,11.3,0,2.5
1953-07-01,2.5,372.3,26.79,265.985,87.6,0.8,5335.0,42.3,22.6,125.1,138.7,11.3,0,2.6
1953-08-01,2.5,371.4,26.85,265.985,87.6,0.8,5335.0,42.3,22.6,125.1,138.7,11.3,1,2.7
1953-09-01,2.5,370.8,26.89,265.985,87.6,0.8,5335.0,42.3,22.6,125.1,138.7,11.3,1,2.9
1953-10-01,2.5,369.9,26.95,265.985,87.6,0.8,5335.0,42.3,22.6,125.1,138.7,11.3,1,3.1
1953-11-01,2.5,371.4,26.85,265.985,87.6,0.8,5335.0,42.3,22.6,125.1,138.7,11.3,1,3.5
1953-12-01,2.5,371.7,26.87,265.985,87.6,0.8,5335.0,42.3,22.6,125.1,138.7,11.3,1,4.5
1954-01-01,2.5,370.8,26.94,272.061,87.6,0.8,5335.0,42.3,22.6,125.1,138.7,11.3,1,4.9
1954-02-01,2.5,371.4,26.99,272.061,87.6,0.8,5335.0,42.3,22.6,125.1,138.7,11.3,1,5.2
1954-03-01,2.5,371.7,26.93,272.061,87.6,0.8,5335.0,42.3,22.6,125.1,138.7,11.3,1,5.7
1954-04-01,2.5,372.6,26.86,272.061,87.6,0.8,5335.0,42.3,22.6,125.1,138.7,11.3,1,5.9
1954-05-01,2.5,371.4,26.93,272.061,87.6,0.8,5335.0,42.3,22.6,125.1,138.7,11.3,1,5.9
1954-06-01,2.5,370.8,26.94,272.061,87.6,0.8,5335.0,42.3,22.6,125.1,138.7,11.3,0,5.6
1954-07-01,2.5,370.8,26.86,272.061,87.6,0.8,5335.0,42.3,22.6,125.1,138.7,11.3,0,5.8
1954-08-01,2.5,371.4,26.85,272.061,87.6,1.22,5335.0,42.3,22.6,125.1,138.7,11.3,0,6.0
1954-09-01,2.5,372.3,26.81,272.061,87.6,1.07,5335.0,42.3,22.6,125.1,138.7,11.3,0,6.1
1954-10-01,2.5,373.2,26.72,272.061,87.6,0.85,5335.0,42.3,22.6,125.1,138.7,11.3,0,5.7
1954-11-01,2.5,372.6,26.78,272.061,87.6,0.83,5335.0,42.3,22.6,125.1,138.7,11.3,0,5.3
1954-12-01,2.5,373.5,26.77,272.061,87.6,1.28,5335.0,42.3,22.6,125.1,138.7,11.3,0,5.0
1955-01-01,2.5,373.5,26.77,291.3,87.6,1.39,5335.0,42.3,22.6,125.1,138.7,11.3,0,4.9
1955-02-01,2.5,373.5,26.82,291.3,87.6,1.29,5335.0,42.3,22.6,125.1,138.7,11.3,0,4.7
1955-03-01,2.5,373.5,26.79,291.3,87.6,1.35,5335.0,42.3,22.6,125.1,138.7,11.3,0,4.6
1955-04-01,2.5,373.5,26.79,291.3,87.6,1.43,5335.0,42.3,22.6,125.1,138.7,11.3,0,4.7
1955-05-01,2.5,373.5,26.77,291.3,87.6,1.43,5335.0,42.3,22.6,125.1,138.7,11.3,0,4.3
1955-06-01,2.5,373.5,26.71,291.3,87.6,1.64,5335.0,42.3,22.6,125.1,138.7,11.3,0,4.2
1955-07-01,2.5,372.3,26.76,291.3,87.6,1.68,5335.0,42.3,22.6,125.1,138.7,11.3,0,4.0
1955-08-01,2.5,373.2,26.72,291.3,87.6,1.96,5335.0,42.3,22.6,125.1,138.7,11.3,0,4.2
1955-09-01,2.5,371.7,26.85,291.3,87.6,2.18,5335.0,42.3,22.6,125.1,138.7,11.3,0,4.1
1955-10-01,2.5,371.7,26.82,291.3,87.6,2.24,5335.0,42.3,22.6,125.1,138.7,11.3,0,4.3
1955-11-01,2.5,371.4,26.88,291.3,87.6,2.35,5335.0,42.3,22.6,125.1,138.7,11.3,0,4.2
1955-12-01,2.5,372.3,26.87,291.3,87.6,2.48,5335.0,42.3,22.6,125.1,138.7,11.3,0,4.2
1956-01-01,2.5,372.6,26.83,311.312,87.6,2.45,5335.0,42.3,22.6,125.1,138.7,11.3,0,4.0
1956-02-01,2.5,372.6,26.86,311.312,87.6,2.5,5335.0,42.3,22.6,125.1,138.7,11.3,0,3.9
1956-03-01,2.5,372.3,26.89,311.312,87.6,2.5,5335.0,42.3,22.6,125.1,138.7,11.3,0,4.2
1956-04-01,2.5,371.7,26.93,311.312,87.6,2.62,5335.0,42.3,22.6,125.1,138.7,11.3,0,4.0
1956-05-01,2.5,369.9,27.03,311.312,87.6,2.75,5335.0,42.3,22.6,125.1,138.7,11.3,0,4.3
1956-06-01,2.5,367.8,27.15,311.312,87.6,2.71,5335.0,42.3,22.6,125.1,138.7,11.3,0,4.3
1956-07-01,2.5,365.1,27.29,311.312,87.6,2.75,5335.0,42.3,22.6,125.1,138.7,11.3,0,4.4
1956-08-01,2.5,365.4,27.31,311.312,87.6,2.73,5335.0,42.3,22.6,125.1,138.7,11.3,0,4.1
1956-09-01,2.5,365.1,27.35,311.312,87.6,2.95,5335.0,42.3,22.6,125.1,138.7,11.3,0,3.9
1956-10-01,2.5,362.7,27.51,311.312,87.6,2.96,5335.0,42.3,22.6,125.1,138.7,11.3,0,3.9
1956-11-01,2.5,362.7,27.51,311.312,87.6,2.88,5335.0,42.3,22.6,125.1,138.7,11.3,0,4.3
1956-12-01,2.5,361.8,27.63,311.312,87.6,2.94,5335.0,42.3,22.6,125.1,138.7,11.3,0,4.2
1957-01-01,2.5,361.5,27.67,329.097,87.6,2.84,5335.0,42.3,22.6,125.1,138.7,11.3,0,4.2
1957-02-01,2.5,360.0,27.8,329.097,87.6,3.0,5335.0,42.3,22.6,125.1,138.7,11.3,0,3.9
1957-03-01,2.5,359.1,27.86,329.097,87.6,2.96,5335.0,42.3,22.6,125.1,138.7,11.3,0,3.7
1957-04-01,2.5,357.9,27.93,329.097,87.6,3.0,5335.0,42.3,22.6,125.1,138.7,11.3,0,3.9
1957-05-01,2.5,357.0,28.0,329.097,87.6,3.0,5335.0,42.3,22.6,125.1,138.7,11.3,0,4.1
1957-06-01,2.5,354.9,28.11,329.097,87.6,3.0,5335.0,42.3,22.6,125.1,138.7,11.3,0,4.3
1957-07-01,2.5,353.4,28.19,329.097,87.6,2.99,5335.0,42.3,22.6,125.1,138.7,11.3,0,4.2
1957-08-01,2.5,352.8,28.28,329.097,87.6,3.24,5335.0,42.3,22.6,125.1,138.7,11.3,0,4.1
1957-09-01,2.5,352.5,28.32,329.097,87.6,3.47,5335.0,42.3,22.6,125.1,138.7,11.3,1,4.4
1957-10-01,2.5,352.5,28.32,329.097,87.6,3.5,5335.0,42.3,22.6,125.1,138.7,11.3,1,4.5
1957-11-01,2.5,351.4,28.41,329.097,87.6,3.28,5335.0,42.3,22.6,125.1,138.7,11.3,1,5.1
1957-12-01,2.5,351.4,28.47,329.097,87.6,2.98,5335.0,42.3,22.6,125.1,138.7,11.3,1,5.2
1958-01-01,2.5,349.3,28.64,340.404,87.6,2.72,5335.0,42.3,22.6,125.1,138.7,11.3,1,5.8
1958-02-01,2.5,349.0,28.7,340.404,87.6,1.67,5335.0,42.3,22.6,125.1,138.7,11.3,1,6.4
1958-03-01,2.5,346.3,28.87,340.404,87.6,1.2,5335.0,42.3,22.6,125.1,138.7,11.3,1,6.7
1958-04-01,2.5,345.7,28.94,340.404,87.6,1.26,5335.0,42.3,22.6,125.1,138.7,11.3,1,7.4
1958-05-01,2.5,345.7,28.94,340.404,87.6,0.63,5335.0,42.3,22.6,125.1,138.7,11.3,0,7.4
1958-06-01,2.5,345.1,28.91,340.404,87.6,0.93,5335.0,42.3,22.6,125.1,138.7,11.3,0,7.3
1958-07-01,2.5,344.8,28.89,340.404,87.6,0.68,5335.0,42.3,22.6,125.1,138.7,11.3,0,7.5
1958-08-01,2.5,345.1,28.94,340.404,87.6,1.53,5335.0,42.3,22.6,125.1,138.7,11.3,0,7.4
1958-09-01,2.5,345.1,28.91,340.404,87.6,1.76,5335.0,42.3,22.6,125.1,138.7,11.3,0,7.1
1958-10-01,2.5,345.1,28.91,340.404,87.6,1.8,5335.0,42.3,22.6,125.1,138.7,11.3,0,6.7
1958-11-01,2.5,344.8,28.95,340.404,87.6,2.27,5335.0,42.3,22.6,125.1,138.7,11.3,0,6.2
1958-12-01,2.5,345.1,28.97,340.404,87.6,2.42,5335.0,42.3,22.6,125.1,138.7,11.3,0,6.2
1959-01-01,2.5,344.8,29.01,360.576,87.6,2.48,5335.0,42.3,22.6,125.1,138.7,11.3,0,6.0
1959-02-01,2.5,345.1,29.0,360.576,87.6,2.43,5335.0,44.2,22.7,125.4,140.0,10.6,0,5.9
1959-03-01,2.5,345.1,28.97,360.576,87.6,2.8,5335.0,44.4,22.7,127.7,140.5,10.3,0,5.6
1959-04-01,2.5,344.8,28.98,360.576,87.6,2.96,5335.0,45.1,22.5,125.6,141.5,11.2,0,5.2
1959-05-01,2.5,344.5,29.04,360.576,87.6,2.9,5335.0,45.4,22.8,128.0,142.8,10.6,0,5.1
1959-06-01,2.5,342.7,29.11,360.576,87.6,3.39,5335.0,46.0,23.0,127.9,144.3,10.5,0,5.0
1959-07-01,2.5,342.1,29.15,360.576,87.6,3.47,5335.0,45.4,23.0,127.3,145.1,10.7,0,5.1
1959-08-01,2.5,342.4,29.18,360.576,87.6,3.5,5335.0,46.2,23.1,127.9,146.1,9.6,0,5.2
1959-09-01,2.5,341.2,29.25,360.576,87.6,3.76,5335.0,47.4,22.9,129.4,147.4,8.7,0,5.5
1959-10-01,2.5,340.0,29.35,360.576,87.6,3.98,5335.0,44.8,23.5,129.8,148.3,9.4,0,5.7
1959-11-01,2.5,340.0,29.35,360.576,87.6,4.0,5335.0,44.7,23.9,129.0,149.2,10.1,0,5.8
1959-12-01,2.5,340.0,29.41,360.576,87.6,3.99,5335.0,42.8,23.0,129.7,150.4,11.0,0,5.3
1960-01-01,2.5,340.6,29.37,376.07,87.6,3.99,5335.0,43.2,23.3,129.6,150.8,10.9,0,5.2
1960-02-01,2.5,340.0,29.41,376.07,87.6,3.97,5335.0,45.7,23.4,128.4,151.2,10.6,0,4.8
1960-03-01,2.5,340.0,29.41,376.07,87.6,3.84,5335.0,47.4,24.4,130.8,151.9,9.4,0,5.4
1960-04-01,2.5,338.2,29.54,376.07,87.6,3.92,5335.0,49.1,24.5,134.1,153.3,8.4,0,5.2
1960-05-01,2.5,338.2,29.57,376.07,87.6,3.85,5335.0,45.7,23.9,130.3,154.0,10.4,1,5.1
1960-06-01,2.5,337.3,29.61,376.07,87.6,3.32,5335.0,44.5,24.2,131.5,154.1,10.4,1,5.4
1960-07-01,2.5,337.3,29.55,376.07,87.6,3.23,5335.0,44.9,24.1,132.2,154.3,10.4,1,5.5
1960-08-01,2.5,337.3,29.61,376.07,87.6,2.98,5335.0,45.8,24.2,131.4,154.4,10.3,1,5.6
1960-09-01,2.5,337.0,29.61,376.07,87.6,2.6,5335.0,47.1,24.5,131.1,155.1,10.0,1,5.5
1960-10-01,2.5,335.5,29.75,376.07,87.6,2.47,5335.0,46.7,24.3,132.6,156.1,9.8,1,6.1
1960-11-01,2.5,335.2,29.78,376.07,87.6,2.44,5335.0,45.1,24.6,133.1,157.2,9.8,1,6.1
1960-12-01,2.5,335.2,29.81,376.07,87.6,1.98,5335.0,42.3,24.7,131.5,157.4,10.4,1,6.6
1961-01-01,2.5,335.2,29.84,393.326,87.6,1.45,5335.0,41.6,24.5,132.3,158.3,11.1,1,6.6
1961-02-01,2.5,335.2,29.84,393.326,87.6,2.54,5335.0,41.9,24.2,133.3,158.5,11.1,1,6.9
1961-03-01,2.5,335.2,29.84,393.326,87.6,2.02,5335.0,43.2,24.2,134.6,159.9,10.4,0,6.9
1961-04-01,2.5,335.2,29.81,393.326,87.6,1.49,5335.0,42.7,24.7,133.9,161.0,10.6,0,7.0
1961-05-01,2.5,335.2,29.84,393.326,87.6,1.98,5335.0,43.5,24.7,134.3,162.1,10.8,0,7.1
1961-06-01,2.5,334.9,29.84,393.326,87.6,1.73,5335.0,43.8,24.8,134.5,162.5,11.5,0,6.9
1961-07-01,2.5,333.4,29.92,393.326,87.6,1.17,5335.0,44.1,24.7,133.9,162.5,12.0,0,7.0
1961-08-01,2.5,333.7,29.94,393.326,87.6,2.0,5335.0,44.6,24.5,134.6,162.9,11.7,0,6.6
1961-09-01,2.5,332.8,29.98,393.326,87.6,1.88,5335.0,45.0,24.6,135.3,164.1,11.3,0,6.7
1961-10-01,2.5,332.8,29.98,393.326,87.6,2.26,5335.0,45.6,24.5,135.3,165.6,11.7,0,6.5
1961-11-01,2.5,332.8,29.98,393.326,87.6,2.61,5335.0,46.7,25.0,136.3,166.9,11.6,0,6.1
1961-12-01,2.5,332.8,30.01,393.326,87.6,2.33,5335.0,47.7,24.7,136.9,167.8,11.6,0,6.0
1962-01-01,2.5,332.8,30.04,417.282,87.6,2.15,5335.0,47.5,25.1,137.2,168.5,11.3,0,5.8
1962-02-01,2.5,332.2,30.11,417.282,87.6,2.37,5335.0,47.4,25.4,137.4,169.2,11.8,0,5.5
1962-03-01,2.5,331.3,30.17,417.282,87.6,2.85,5335.0,48.2,25.7,138.9,170.2,11.6,0,5.6
1962-04-01,2.5,330.7,30.21,417.282,87.6,2.78,5335.0,48.4,25.6,139.0,171.6,11.7,0,5.6
1962-05-01,2.5,330.7,30.24,417.282,87.6,2.36,5335.0,49.6,25.5,139.5,173.0,11.1,0,5.5
1962-06-01,2.5,330.7,30.21,417.282,87.6,2.68,5335.0,49.1,25.5,137.8,173.4,11.5,0,5.5
1962-07-01,2.5,330.1,30.22,417.282,87.6,2.71,5335.0,49.2,25.4,138.2,174.0,11.6,0,5.4
1962-08-01,2.5,330.1,30.28,417.282,87.6,2.93,5335.0,49.0,25.6,139.2,174.7,11.4,0,5.7
1962-09-01,2.5,328.0,30.42,417.282,87.6,2.9,5335.0,50.5,25.9,142.5,175.7,10.4,0,5.6
1962-10-01,2.5,328.6,30.38,417.282,87.6,2.9,5335.0,49.0,26.3,141.0,176.5,11.3,0,5.4
1962-11-01,2.5,328.6,30.38,417.282,87.6,2.94,5335.0,52.1,26.5,141.7,177.9,10.4,0,5.7
1962-12-01,2.5,328.9,30.38,417.282,87.6,2.93,5335.0,53.5,27.0,141.8,178.3,10.3,0,5.5
1963-01-01,2.5,328.6,30.44,438.222,87.6,2.92,5335.0,53.1,27.3,142.8,178.6,10.9,0,5.7
1963-02-01,2.5,328.0,30.48,438.222,87.6,3.0,5335.0,52.4,27.4,141.9,179.1,10.7,0,5.9
1963-03-01,2.5,327.7,30.51,438.222,87.6,2.98,5335.0,52.3,26.8,142.7,180.0,10.6,0,5.7
1963-04-01,2.5,327.7,30.48,438.222,87.6,2.9,5335.0,53.2,26.4,142.1,181.0,10.7,0,5.7
1963-05-01,2.5,327.7,30.51,438.222,87.6,3.0,5335.0,53.5,26.7,142.4,181.4,10.9,0,5.9
1963-06-01,2.5,326.5,30.61,438.222,87.6,2.99,5335.0,55.0,26.1,143.9,182.8,10.5,0,5.6
1963-07-01,2.5,325.0,30.69,438.222,87.6,3.02,5335.0,55.5,26.4,144.7,184.3,10.1,0,5.6
1963-08-01,2.5,325.0,30.75,438.222,87.6,3.49,5335.0,54.1,27.1,146.5,185.7,10.2,0,5.4
1963-09-01,2.5,325.0,30.72,438.222,87.6,3.48,5335.0,54.6,27.1,144.3,186.6,11.0,0,5.5
1963-10-01,2.5,324.7,30.75,438.222,87.6,3.5,5335.0,54.2,26.5,144.0,187.9,11.5,0,5.5
1963-11-01,2.5,324.1,30.78,438.222,87.6,3.48,5335.0,55.6,26.5,145.0,188.9,11.0,0,5.7
1963-12-01,2.5,323.5,30.88,438.222,87.6,3.38,5335.0,57.4,27.6,146.9,190.3,10.7,0,5.5
1964-01-01,2.5,323.2,30.94,476.124,87.6,3.48,5335.0,57.9,27.3,147.2,191.6,10.7,0,5.6
1964-02-01,2.5,323.5,30.91,476.124,87.6,3.48,5335.0,58.4,27.5,148.9,192.8,10.4,0,5.4
1964-03-01,2.51,323.2,30.94,476.124,87.6,3.43,5335.0,57.6,27.6,149.8,194.4,12.1,0,5.4
1964-04-01,2.52,322.9,30.95,476.124,87.6,3.47,5335.0,58.2,27.8,149.4,195.3,12.4,0,5.3
1964-05-01,2.52,322.9,30.98,476.124,87.6,3.5,5335.0,59.7,27.5,152.3,196.5,11.7,0,5.1
1964-06-01,2.53,322.0,31.01,476.124,87.6,3.5,5335.0,60.6,28.1,152.7,198.1,11.5,0,5.2
1964-07-01,2.54,321.4,31.02,476.124,87.6,3.42,5335.0,61.6,28.2,154.3,199.0,11.2,0,4.9
1964-08-01,2.55,321.7,31.05,476.124,87.6,3.5,5335.0,62.1,28.6,155.5,200.1,11.1,0,5.0
1964-09-01,2.56,321.1,31.08,476.124,87.6,3.45,5335.0,60.3,28.6,154.8,201.5,11.8,0,5.1
1964-10-01,2.55,320.8,31.12,476.124,87.6,3.36,5335.0,61.2,29.3,155.8,202.5,11.2,0,5.1
1964-11-01,2.56,320.2,31.21,476.124,87.6,3.52,5335.0,58.9,28.3,153.6,203.8,12.5,0,4.8
1964-12-01,2.58,319.6,31.25,476.124,87.6,3.85,5335.0,58.0,28.6,157.9,205.1,12.5,0,5.0
1965-01-01,2.58,319.6,31.28,512.995,87.6,3.9,5335.0,61.0,28.4,157.3,206.1,12.1,0,4.9
1965-02-01,2.59,319.6,31.28,512.995,87.6,3.98,5335.0,65.4,29.1,159.0,207.1,10.7,0,5.1
1965-03-01,2.61,319.3,31.31,512.995,87.6,4.05,5335.0,68.4,29.3,157.0,207.9,10.8,0,4.7
1965-04-01,2.6,318.4,31.38,512.995,87.6,4.09,5335.0,67.3,29.7,160.0,209.7,10.2,0,4.8
1965-05-01,2.62,317.8,31.48,512.995,87.6,4.1,5335.0,65.1,29.8,161.3,211.1,11.2,0,4.6
1965-06-01,2.63,316.0,31.61,512.995,87.6,4.05,5335.0,62.0,30.2,161.0,212.3,12.1,0,4.6
1965-07-01,2.63,315.7,31.58,512.995,87.6,4.09,5335.0,63.5,30.6,163.8,213.7,11.9,0,4.4
1965-08-01,2.64,316.3,31.55,512.995,87.6,4.12,5335.0,66.0,30.2,163.4,215.0,11.7,0,4.4
1965-09-01,2.65,315.7,31.62,512.995,87.6,4.02,5335.0,70.6,30.5,165.0,216.4,12.5,0,4.3
1965-10-01,2.66,315.4,31.65,512.995,87.6,4.08,5335.0,69.5,31.0,170.6,218.4,10.9,0,4.2
1965-11-01,2.67,314.8,31.75,512.995,87.6,4.1,5335.0,69.1,31.0,169.8,220.2,11.5,0,4.1
1965-12-01,2.67,313.6,31.85,512.995,87.6,4.32,5335.0,68.8,30.9,171.2,221.6,11.7,0,4.0
1966-01-01,2.68,313.6,31.88,553.961,87.6,4.42,5335.0,70.2,31.2,172.5,222.4,11.2,0,4.0
1966-02-01,2.69,311.8,32.08,553.961,87.6,4.6,5335.0,72.3,30.9,174.3,223.6,11.0,0,3.8
1966-03-01,2.7,310.6,32.18,553.961,87.6,4.66,5335.0,74.4,31.2,175.4,225.2,10.7,0,3.8
1966-04-01,2.71,309.5,32.28,553.961,87.6,4.67,5335.0,72.5,31.7,177.7,226.8,10.3,0,3.8
1966-05-01,2.72,309.2,32.35,553.961,87.6,4.9,5335.0,68.7,32.0,176.2,228.2,11.2,0,3.9
1966-06-01,2.73,308.3,32.38,553.961,87.6,5.17,5335.0,68.0,32.3,177.9,229.6,11.4,0,3.8
1966-07-01,2.74,307.4,32.45,553.961,87.6,5.3,5335.0,69.6,32.3,179.7,231.3,10.9,0,3.8
1966-08-01,2.75,305.6,32.65,553.961,87.6,5.53,5335.0,72.3,32.6,179.1,231.8,11.2,0,3.8
1966-09-01,2.76,305.0,32.75,553.961,87.6,5.4,5335.0,75.1,32.9,180.5,233.5,11.0,0,3.7
1966-10-01,2.77,303.8,32.85,553.961,87.6,5.53,5335.0,73.4,33.0,180.0,234.9,11.6,0,3.7
1966-11-01,2.78,303.8,32.88,553.961,87.6,5.76,5335.0,72.3,32.9,180.7,237.1,11.8,0,3.6
1966-12-01,2.78,303.5,32.92,553.961,87.6,5.4,5335.0,72.2,33.5,180.5,239.1,11.6,0,3.8
1967-01-01,2.8,303.5,32.9,592.762,87.6,4.94,5335.0,72.5,33.0,181.5,240.3,12.1,0,3.9
1967-02-01,2.81,303.2,33.0,592.762,87.6,5.0,5335.0,69.9,33.7,182.7,240.4,12.6,0,3.8
1967-03-01,2.81,302.6,33.0,592.762,87.6,4.53,5335.0,71.0,33.0,182.9,241.9,12.8,0,3.8
1967-04-01,2.82,302.0,33.1,592.762,87.6,4.05,5335.0,74.3,33.3,183.6,243.4,11.9,0,3.8
1967-05-01,2.83,301.1,33.1,592.762,87.6,3.94,5335.0,74.0,34.6,183.6,244.7,12.0,0,3.8
1967-06-01,2.85,300.2,33.3,592.762,87.6,3.98,5335.0,75.2,34.4,184.9,246.7,11.9,0,3.9
1967-07-01,2.86,298.7,33.4,592.762,87.6,3.79,5335.0,74.4,34.5,183.7,248.6,12.6,0,3.8
1967-08-01,2.88,297.8,33.5,592.762,87.6,3.9,5335.0,73.6,33.7,185.8,250.4,12.6,0,3.8
1967-09-01,2.88,297.2,33.6,592.762,87.6,3.99,5335.0,76.0,34.2,187.8,251.7,11.9,0,3.8
1967-10-01,2.89,296.3,33.7,592.762,87.6,3.88,5335.0,74.1,34.4,185.1,252.9,12.9,0,4.0
1967-11-01,2.91,295.4,33.9,592.762,87.6,4.13,5335.0,75.1,35.4,187.8,254.5,12.8,0,3.9
1967-12-01,2.92,294.5,34.0,592.762,87.6,4.51,5335.0,77.7,35.4,190.7,256.8,11.8,0,3.8
1968-01-01,2.94,293.3,34.1,643.928,87.6,4.61,5335.0,79.7,35.6,191.3,259.9,11.7,0,3.7
1968-02-01,2.95,292.7,34.2,643.928,87.6,4.71,5335.0,79.5,35.9,193.0,261.2,12.3,0,3.8
1968-03-01,2.97,291.2,34.3,643.928,87.6,5.05,5335.0,83.4,36.0,196.4,264.6,11.7,0,3.7
1968-04-01,2.99,290.3,34.4,643.928,87.6,5.76,5335.0,81.4,35.7,195.8,266.8,12.3,0,3.5
1968-05-01,3.0,289.4,34.5,643.928,87.6,6.12,5335.0,84.0,35.5,197.3,268.5,12.0,0,3.5
1968-06-01,3.01,287.9,34.7,643.928,87.6,6.07,5335.0,83.8,35.9,200.3,272.2,11.7,0,3.7
1968-07-01,3.03,286.4,34.9,643.928,87.6,6.03,5335.0,86.9,36.2,202.6,273.7,10.7,0,3.7
1968-08-01,3.04,285.5,35.0,643.928,87.6,6.03,5335.0,87.6,36.7,203.7,275.6,10.5,0,3.5
1968-09-01,3.07,284.6,35.1,643.928,87.6,5.78,5335.0,88.1,36.8,202.2,277.9,10.6,0,3.4
1968-10-01,3.08,283.1,35.3,643.928,87.6,5.91,5335.0,88.1,36.6,203.5,280.0,10.8,0,3.4
1968-11-01,3.1,282.2,35.4,643.928,87.6,5.82,5335.0,87.5,36.8,207.0,282.3,10.6,0,3.4
1968-12-01,3.11,281.3,35.6,643.928,87.6,6.02,5335.0,87.9,37.0,204.5,284.2,11.1,0,3.4
1969-01-01,3.12,280.4,35.7,695.83,87.6,6.3,5335.0,90.1,37.4,207.3,286.1,10.3,0,3.4
1969-02-01,3.14,279.5,35.8,695.83,87.6,6.61,5335.0,90.8,37.9,209.3,288.6,9.7,0,3.4
1969-03-01,3.16,277.1,36.1,695.83,87.6,6.79,5335.0,89.1,38.7,209.9,289.8,10.2,0,3.4
1969-04-01,3.18,275.3,36.3,695.83,87.6,7.41,5335.0,90.4,38.5,210.8,292.7,9.7,0,3.4
1969-05-01,3.19,274.4,36.4,695.83,87.6,8.67,5335.0,90.5,38.6,213.6,296.3,10.1,0,3.4
1969-06-01,3.21,272.9,36.6,695.83,87.6,8.9,5335.0,90.5,38.8,212.3,298.1,11.1,0,3.5
1969-07-01,3.22,271.4,36.8,695.83,87.6,8.61,5335.0,88.6,38.9,214.6,299.5,11.8,0,3.5
1969-08-01,3.24,270.2,36.9,695.83,87.6,9.19,5335.0,90.7,39.3,217.3,301.9,11.5,0,3.5
1969-09-01,3.26,269.0,37.1,695.83,87.6,9.15,5335.0,92.6,39.4,216.0,304.6,11.6,0,3.7
1969-10-01,3.28,268.2,37.3,695.83,87.6,9.0,5335.0,91.4,39.9,219.2,307.9,11.4,0,3.7
1969-11-01,3.3,266.7,37.5,695.83,87.6,8.85,5335.0,90.7,40.1,219.3,310.5,11.6,0,3.5
1969-12-01,3.31,265.2,37.7,695.83,87.6,8.97,5335.0,90.4,40.3,220.7,311.6,11.8,0,3.5
1970-01-01,3.31,264.3,37.9,761.975,87.6,8.98,5335.0,89.3,41.0,224.5,314.9,11.8,1,3.9
1970-02-01,3.33,262.8,38.1,761.975,87.6,8.98,5335.0,91.0,40.4,224.0,319.0,11.7,1,4.2
1970-03-01,3.36,261.3,38.3,761.975,87.6,7.76,5335.0,88.5,40.6,225.0,318.8,12.4,1,4.4
1970-04-01,3.36,259.8,38.5,761.975,87.6,8.1,5335.0,90.0,40.9,224.7,321.4,13.3,1,4.6
1970-05-01,3.37,258.6,38.6,761.975,87.6,7.95,5335.0,91.2,41.0,227.2,324.1,12.4,1,4.8
1970-06-01,3.4,257.4,38.8,761.975,87.6,7.61,5335.0,91.9,41.2,227.8,326.6,12.3,1,4.9
1970-07-01,3.41,256.5,38.9,761.975,87.6,7.21,5335.0,91.4,41.7,228.3,328.8,13.5,1,5.0
1970-08-01,3.44,255.9,39.0,761.975,87.6,6.62,5335.0,92.3,41.5,229.1,331.4,13.4,1,5.1
1970-09-01,3.45,254.7,39.2,761.975,87.6,6.29,5335.0,92.3,42.2,231.7,335.0,12.9,1,5.4
1970-10-01,3.45,253.5,39.4,761.975,87.6,6.2,5335.0,89.7,42.4,232.5,336.1,13.1,1,5.5
1970-11-01,3.47,252.6,39.6,761.975,87.6,5.6,5335.0,85.2,42.3,233.5,337.9,13.6,1,5.9
1970-12-01,3.5,251.4,39.8,761.975,87.6,4.9,5335.0,87.1,42.9,237.4,341.1,13.2,0,6.1
1971-01-01,3.53,251.1,39.9,831.08,87.6,4.14,5335.0,97.4,43.6,236.3,342.4,13.3,0,5.9
1971-02-01,3.55,250.8,39.9,831.08,87.6,3.72,5335.0,97.2,43.6,236.5,345.7,13.3,0,5.9
1971-03-01,3.56,249.9,40.0,831.08,87.6,3.71,5335.0,99.6,43.7,234.6,347.8,13.5,0,6.0
1971-04-01,3.58,249.0,40.1,831.08,87.6,4.16,5335.0,100.3,44.0,238.1,350.4,13.2,0,5.9
1971-05-01,3.61,247.8,40.3,831.08,87.6,4.63,5335.0,99.6,43.7,237.8,353.7,13.6,0,5.9
1971-06-01,3.62,246.3,40.5,831.08,87.6,4.91,5335.0,103.0,44.3,240.6,356.1,14.7,0,5.9
1971-07-01,3.63,245.7,40.6,831.08,87.6,5.31,5335.0,101.1,43.7,239.1,358.7,13.8,0,6.0
1971-08-01,3.66,245.1,40.7,831.08,87.6,5.57,5335.0,102.2,44.4,240.3,362.3,13.6,0,6.1
1971-09-01,3.67,244.8,40.8,831.08,87.6,5.55,5335.0,107.0,45.4,241.8,364.2,13.3,0,6.0
1971-10-01,3.68,244.5,40.9,831.08,87.6,5.2,5335.0,107.2,45.3,241.2,367.4,13.3,0,5.8
1971-11-01,3.7,244.2,41.0,831.08,87.6,4.91,5335.0,107.3,45.4,244.0,369.7,13.1,0,6.0
1971-12-01,3.73,243.0,41.1,831.08,87.6,4.14,5335.0,107.4,45.0,245.6,375.4,13.0,0,6.0
1972-01-01,3.8,243.0,41.2,900.816,87.6,3.51,5335.0,110.5,45.2,243.2,377.7,12.5,0,5.8
1972-02-01,3.82,241.8,41.4,900.816,87.6,3.3,5335.0,109.3,45.6,246.6,380.3,12.8,0,5.7
1972-03-01,3.84,241.2,41.4,900.816,87.6,3.83,5335.0,112.3,46.5,251.3,385.6,11.8,0,5.8
1972-04-01,3.86,240.9,41.5,900.816,87.6,4.17,5335.0,112.9,46.5,252.2,387.5,11.5,0,5.7
1972-05-01,3.88,240.0,41.6,900.816,87.6,4.27,5335.0,114.5,46.7,255.4,388.1,11.7,0,5.7
1972-06-01,3.88,239.4,41.7,900.816,87.6,4.46,5335.0,114.8,46.4,255.3,391.4,11.7,0,5.7
1972-07-01,3.9,238.5,41.8,900.816,87.6,4.55,5335.0,116.6,47.2,258.0,395.3,11.7,0,5.6
1972-08-01,3.92,238.2,41.9,900.816,87.6,4.81,5335.0,118.3,48.2,259.6,398.5,12.0,0,5.6
1972-09-01,3.94,237.0,42.1,900.816,87.6,4.87,5335.0,117.9,48.5,262.7,400.6,12.2,0,5.5
1972-10-01,3.97,236.4,42.2,900.816,87.6,5.05,5335.0,122.0,50.1,267.7,405.2,13.0,0,5.6
1972-11-01,3.99,235.8,42.4,900.816,87.6,5.06,5335.0,123.4,51.2,267.9,409.2,13.6,0,5.3
1972-12-01,4.0,235.2,42.5,900.816,87.6,5.33,5335.0,124.8,52.0,268.6,412.7,13.7,0,5.2
1973-01-01,4.03,234.3,42.7,1008.373,87.6,5.94,5335.0,129.3,51.3,272.5,414.7,12.4,0,4.9
1973-02-01,4.05,232.8,43.0,1008.373,87.6,6.58,5335.0,131.9,52.2,276.2,417.7,12.5,0,5.0
1973-03-01,4.06,230.4,43.4,1008.373,87.6,7.09,5335.0,134.3,51.9,277.6,420.8,12.7,0,4.9
1973-04-01,4.09,228.9,43.7,1008.373,87.6,7.12,5335.0,132.5,52.4,279.4,423.9,13.2,0,5.0
1973-05-01,4.1,227.5,43.9,1008.373,87.6,7.84,5335.0,133.3,53.8,280.7,427.6,13.2,0,4.9
1973-06-01,4.12,226.0,44.2,1008.373,87.6,8.49,5335.0,128.1,53.5,284.1,432.1,13.6,0,4.9
1973-07-01,4.15,225.7,44.2,1008.373,87.6,10.4,5335.0,130.1,53.9,289.9,434.1,13.2,0,4.8
1973-08-01,4.16,221.5,45.0,1008.373,87.6,10.5,5335.0,128.6,54.6,287.5,437.2,13.9,0,4.8
1973-09-01,4.2,220.9,45.2,1008.373,87.6,10.78,5335.0,133.7,56.0,292.3,443.2,13.1,0,4.8
1973-10-01,4.21,219.1,45.6,1008.373,87.6,10.01,5335.0,129.3,56.8,293.4,445.5,14.4,0,4.6
1973-11-01,4.24,217.6,45.9,1008.373,87.6,10.03,5335.0,129.1,59.2,299.1,448.7,14.4,0,4.8
1973-12-01,4.25,216.1,46.3,1008.373,87.6,9.95,5335.0,126.3,57.1,300.6,449.8,14.8,1,4.9
1974-01-01,4.27,214.3,46.8,1100.771,87.6,9.65,5335.0,126.7,58.1,305.0,452.8,14.3,1,5.1
1974-02-01,4.29,211.6,47.3,1100.771,87.6,8.97,5335.0,124.8,59.8,309.3,455.6,14.2,1,5.2
1974-03-01,4.32,209.2,47.8,1100.771,87.6,9.35,5335.0,128.5,62.4,312.3,460.7,13.4,1,5.1
1974-04-01,4.33,208.0,48.1,1100.771,87.6,10.51,5335.0,129.0,65.4,315.2,466.5,13.1,1,5.1
1974-05-01,4.4,205.6,48.6,1100.771,87.6,11.31,5335.0,132.0,67.6,318.6,471.9,12.8,1,5.1
1974-06-01,4.44,203.8,49.0,1100.771,87.6,11.93,5335.0,130.8,69.1,320.2,477.0,12.8,1,5.4
1974-07-01,4.45,202.3,49.3,1100.771,87.6,12.92,5335.0,133.4,70.4,324.4,480.2,12.8,1,5.5
1974-08-01,4.49,199.6,49.9,1100.771,87.6,12.01,5335.0,140.9,69.5,328.7,485.2,12.1,1,5.5
1974-09-01,4.53,197.2,50.6,1100.771,87.6,11.34,5335.0,134.7,70.8,329.9,490.5,12.9,1,5.9
1974-10-01,4.56,195.7,51.0,1100.771,87.6,10.06,5335.0,131.0,73.2,331.5,496.7,13.4,1,6.0
1974-11-01,4.57,193.9,51.5,1100.771,87.6,9.45,5335.0,125.4,70.0,331.5,499.3,13.8,1,6.6
1974-12-01,4.6,192.7,51.9,1100.771,87.6,8.53,5335.0,125.0,73.4,329.7,507.1,14.0,1,7.2
1975-01-01,4.61,191.8,52.3,1221.782,87.6,7.13,5664.0,129.5,71.5,334.4,511.6,13.2,1,8.1
1975-02-01,4.64,190.3,52.6,1221.782,87.6,6.24,5664.0,134.8,72.2,336.1,518.5,12.5,1,8.1
1975-03-01,4.67,189.7,52.8,1221.782,87.6,5.54,5664.0,131.0,73.5,338.1,521.4,12.7,1,8.6
1975-04-01,4.67,188.8,53.0,1221.782,87.6,5.49,5664.0,132.0,76.7,336.2,526.8,14.2,0,8.8
1975-05-01,4.69,187.9,53.1,1221.782,87.6,5.22,5664.0,138.1,74.9,348.8,532.0,17.3,0,9.0
1975-06-01,4.72,186.4,53.5,1221.782,87.6,5.55,5664.0,140.0,75.8,349.5,537.3,14.3,0,8.8
1975-07-01,4.74,184.4,54.0,1221.782,87.6,6.1,5664.0,145.0,77.9,353.6,541.2,12.6,0,8.6
1975-08-01,4.78,183.8,54.2,1221.782,87.6,6.14,5664.0,145.4,79.6,357.4,544.1,13.0,0,8.4
1975-09-01,4.79,182.9,54.6,1221.782,87.6,6.24,5664.0,149.9,79.3,356.8,548.1,13.0,0,8.4
1975-10-01,4.82,182.0,54.9,1221.782,87.6,5.82,5664.0,148.0,79.5,355.7,557.1,13.4,0,8.4
1975-11-01,4.86,180.8,55.3,1221.782,87.6,5.22,5664.0,153.2,77.9,360.4,562.1,12.7,0,8.3
1975-12-01,4.87,179.9,55.6,1221.782,87.6,5.2,5664.0,158.9,81.3,362.9,570.3,12.0,0,8.2
1976-01-01,4.9,179.6,55.8,1329.976,87.6,4.87,6002.0,161.2,83.7,369.3,576.7,11.7,0,7.9
1976-02-01,4.93,179.0,55.9,1329.976,87.6,4.77,6002.0,164.2,80.2,366.0,577.5,12.3,0,7.7
1976-03-01,4.95,178.7,56.0,1329.976,87.6,4.84,6002.0,164.5,80.8,367.0,583.3,12.2,0,7.6
1976-04-01,4.98,178.1,56.1,1329.976,87.6,4.82,6002.0,167.6,81.6,371.3,586.5,11.7,0,7.7
1976-05-01,5.01,176.9,56.4,1329.976,87.6,5.29,6002.0,162.2,82.5,370.4,590.1,12.3,0,7.4
1976-06-01,5.03,176.0,56.7,1329.976,87.6,5.48,6002.0,167.9,83.7,377.6,595.0,11.4,0,7.6
1976-07-01,5.06,174.8,57.0,1329.976,87.6,5.31,6002.0,169.7,84.4,377.9,602.0,11.7,0,7.8
1976-08-01,5.11,174.2,57.3,1329.976,87.6,5.29,6002.0,168.7,85.8,381.0,608.3,11.7,0,7.8
1976-09-01,5.14,173.3,57.6,1329.976,87.6,5.25,6002.0,171.2,87.7,382.9,614.7,11.4,0,7.6
1976-10-01,5.16,172.7,57.9,1329.976,87.6,5.02,6002.0,170.9,89.6,387.3,618.5,11.1,0,7.7
1976-11-01,5.21,172.1,58.1,1329.976,87.6,4.95,6002.0,173.2,93.4,388.2,627.5,11.4,0,7.8
1976-12-01,5.23,171.8,58.4,1329.976,87.6,4.65,6002.0,182.2,94.3,393.2,636.0,10.6,0,7.8
1977-01-01,5.26,170.6,58.7,1461.357,87.6,4.61,6429.0,177.8,96.1,394.5,642.7,10.6,0,7.5
1977-02-01,5.3,169.1,59.3,1461.357,87.6,4.68,6429.0,184.1,94.2,397.7,649.5,9.3,0,7.6
1977-03-01,5.32,167.9,59.6,1461.357,87.6,4.69,6429.0,189.9,90.9,397.1,651.3,10.5,0,7.4
1977-04-01,5.36,166.7,60.0,1461.357,87.6,4.73,6429.0,188.9,93.0,402.1,656.4,10.5,0,7.2
1977-05-01,5.4,165.8,60.2,1461.357,87.6,5.35,6429.0,188.6,92.0,404.6,663.9,10.3,0,7.0
1977-06-01,5.42,164.6,60.5,1461.357,87.6,5.39,6429.0,190.2,94.1,404.4,668.9,10.6,0,7.2
1977-07-01,5.46,164.0,60.8,1461.357,87.6,5.42,6429.0,191.7,96.3,409.8,678.9,10.5,0,6.9
1977-08-01,5.48,163.4,61.1,1461.357,87.6,5.9,6429.0,194.2,96.8,409.0,682.5,10.9,0,7.0
1977-09-01,5.51,162.5,61.3,1461.357,87.6,6.14,6429.0,196.1,97.4,410.9,687.6,11.1,0,6.8
1977-10-01,5.55,162.2,61.6,1461.357,87.6,6.47,6429.0,197.1,99.4,418.8,695.5,11.0,0,6.8
1977-11-01,5.58,161.3,62.0,1461.357,87.6,6.51,6429.0,200.8,96.6,426.5,699.7,11.2,0,6.8
1977-12-01,5.61,160.7,62.3,1461.357,87.6,6.56,6429.0,204.2,100.4,425.6,706.3,11.4,0,6.4
1978-01-01,5.66,159.8,62.7,1634.072,87.6,6.7,6813.0,191.2,99.5,424.2,714.0,11.9,0,6.4
1978-02-01,5.69,158.9,63.0,1634.072,87.6,6.78,6813.0,198.5,102.5,431.2,725.4,11.1,0,6.3
1978-03-01,5.73,157.7,63.4,1634.072,87.6,6.79,6813.0,204.7,102.1,437.8,735.0,11.0,0,6.3
1978-04-01,5.79,156.2,63.9,1634.072,87.6,6.89,6813.0,213.5,101.9,438.8,744.1,10.8,0,6.1
1978-05-01,5.82,154.7,64.5,1634.072,87.6,7.36,6813.0,217.0,104.1,445.7,749.3,10.3,0,6.0
1978-06-01,5.86,153.2,65.0,1634.072,87.6,7.6,6813.0,218.1,102.3,449.9,757.8,10.0,0,5.9
1978-07-01,5.9,152.0,65.5,1634.072,87.6,7.81,6813.0,215.3,102.4,450.7,760.8,10.9,0,6.2
1978-08-01,5.92,151.4,65.9,1634.072,87.6,8.04,6813.0,221.8,103.5,454.3,770.8,10.5,0,5.9
1978-09-01,5.97,150.2,66.5,1634.072,87.6,8.45,6813.0,213.1,104.1,461.8,777.9,10.6,0,6.0
1978-10-01,6.02,149.0,67.1,1634.072,87.6,8.96,6813.0,220.3,105.7,461.9,784.7,10.7,0,5.8
1978-11-01,6.05,148.1,67.5,1634.072,87.6,9.76,6813.0,222.3,107.0,469.5,788.8,10.5,0,5.9
1978-12-01,6.1,147.5,67.9,1634.072,87.6,10.03,6813.0,224.2,109.2,476.8,795.5,10.4,0,6.0
1979-01-01,6.13,146.3,68.5,1813.796,87.6,10.07,7254.0,220.5,111.7,478.9,802.9,11.1,0,5.9
1979-02-01,6.18,144.6,69.2,1813.796,87.6,10.06,7254.0,224.0,118.9,484.3,809.5,11.0,0,5.9
1979-03-01,6.22,143.1,69.9,1813.796,87.6,10.09,7254.0,225.3,114.4,490.5,815.4,11.2,0,5.8
1979-04-01,6.21,141.6,70.6,1813.796,87.6,10.01,7254.0,222.7,119.3,489.1,826.7,11.0,0,5.8
1979-05-01,6.27,139.8,71.4,1813.796,87.6,10.24,7254.0,224.4,120.3,499.4,835.0,10.3,0,5.6
1979-06-01,6.32,138.3,72.2,1813.796,87.6,10.29,7254.0,219.3,124.1,511.7,844.7,9.8,0,5.7
1979-07-01,6.36,136.8,73.0,1813.796,87.6,10.47,7254.0,226.0,126.3,511.3,848.8,10.6,0,5.7
1979-08-01,6.4,135.3,73.7,1813.796,87.6,10.94,7254.0,231.3,133.8,524.2,860.0,9.7,0,6.0
1979-09-01,6.45,134.1,74.4,1813.796,87.6,11.43,7254.0,235.4,137.4,531.5,867.0,9.4,0,5.9
1979-10-01,6.46,132.9,75.2,1813.796,87.6,13.77,7254.0,228.3,140.2,533.8,879.6,9.7,0,6.0
1979-11-01,6.51,131.7,76.0,1813.796,87.6,13.18,7254.0,229.0,139.5,541.1,887.2,9.7,0,5.9
1979-12-01,6.56,130.2,76.9,1813.796,87.6,13.78,7254.0,229.9,142.3,543.3,893.1,10.1,0,6.0
1980-01-01,6.57,128.4,78.0,2024.946,87.6,13.82,7944.0,239.6,144.4,554.2,903.5,9.9,0,6.3
1980-02-01,6.63,126.6,79.0,2024.946,87.6,14.13,7944.0,232.9,153.4,560.2,908.3,10.1,1,6.3
1980-03-01,6.69,124.8,80.1,2024.946,87.6,17.19,7944.0,223.6,163.4,565.4,919.1,10.3,1,6.3
1980-04-01,6.72,123.3,80.9,2024.946,87.6,17.61,7944.0,212.4,158.1,565.2,917.7,11.4,1,6.9
1980-05-01,6.76,122.1,81.7,2024.946,87.6,10.98,7944.0,208.5,155.8,566.4,925.1,11.5,1,7.5
1980-06-01,6.82,120.9,82.5,2024.946,87.6,9.47,7944.0,214.9,159.4,566.1,937.8,11.3,1,7.6
1980-07-01,6.86,120.9,82.6,2024.946,87.6,9.03,7944.0,226.7,159.4,570.3,950.1,11.4,1,7.8
1980-08-01,6.91,120.0,83.2,2024.946,87.6,9.61,7944.0,224.0,159.8,579.4,960.4,11.4,0,7.7
1980-09-01,6.95,118.8,83.9,2024.946,87.6,10.87,7944.0,225.4,158.7,579.8,975.2,11.7,0,7.5
1980-10-01,7.02,117.9,84.7,2024.946,87.6,12.81,7944.0,236.3,160.9,588.0,992.8,11.3,0,7.5
1980-11-01,7.09,116.7,85.6,2024.946,87.6,15.85,7944.0,236.7,160.8,588.7,1001.4,11.6,0,7.5
1980-12-01,7.13,115.8,86.4,2024.946,87.6,18.9,7944.0,235.7,166.7,597.0,1019.0,11.4,0,7.2
1981-01-01,7.18,114.9,87.2,2257.42,87.6,19.08,8532.0,239.9,171.2,609.8,1020.4,10.9,0,7.5
1981-02-01,7.23,113.7,88.0,2257.42,87.6,15.93,8532.0,247.3,168.3,614.3,1022.6,10.8,0,7.4
1981-03-01,7.29,112.8,88.6,2257.42,87.6,14.7,8532.0,250.9,175.0,618.1,1034.0,10.8,0,7.4
1981-04-01,7.33,112.2,89.1,2257.42,87.6,15.72,8532.0,241.7,172.3,621.5,1041.2,10.8,0,7.2
1981-05-01,7.37,111.3,89.7,2257.42,87.6,18.52,8532.0,239.8,177.5,620.6,1053.4,10.9,0,7.5
1981-06-01,7.41,110.4,90.5,2257.42,87.6,19.1,8532.0,241.4,184.7,626.5,1066.6,10.8,0,7.5
1981-07-01,7.45,108.9,91.5,2257.42,87.6,19.04,8532.0,245.2,178.4,626.5,1070.4,12.3,0,7.2
1981-08-01,7.52,108.3,92.2,2257.42,87.6,17.82,8532.0,260.4,176.0,629.8,1076.5,12.0,1,7.4
1981-09-01,7.56,107.1,93.1,2257.42,87.6,15.87,8532.0,250.2,178.6,631.1,1084.3,12.3,1,7.6
1981-10-01,7.59,106.8,93.4,2257.42,87.6,15.08,8532.0,237.3,180.5,633.4,1093.2,12.9,1,7.9
1981-11-01,7.63,106.5,93.8,2257.42,87.6,13.31,8532.0,237.0,178.1,633.7,1100.0,13.0,1,8.3
1981-12-01,7.64,106.2,94.1,2257.42,87.6,12.37,8532.0,236.3,184.4,640.0,1112.5,12.4,1,8.5
1982-01-01,7.72,105.9,94.4,2434.718,87.6,13.22,9143.0,241.0,186.6,637.3,1118.8,12.6,1,8.6
1982-02-01,7.72,105.6,94.7,2434.718,87.6,14.78,9143.0,249.3,183.9,643.4,1128.5,12.0,1,8.9
1982-03-01,7.75,105.6,94.7,2434.718,87.6,14.68,9143.0,249.0,182.3,638.9,1136.2,12.1,1,9.0
1982-04-01,7.77,105.3,95.0,2434.718,87.6,14.94,9143.0,244.9,179.5,637.5,1144.0,12.8,1,9.3
1982-05-01,7.84,104.1,95.9,2434.718,87.6,14.45,9143.0,256.8,174.0,638.6,1149.1,12.2,1,9.4
1982-06-01,7.85,103.0,97.0,2434.718,87.6,14.15,9143.0,246.0,180.7,640.0,1162.0,12.2,1,9.6
1982-07-01,7.9,102.4,97.5,2434.718,87.6,12.59,9143.0,247.8,181.3,652.6,1171.9,12.5,1,9.8
1982-08-01,7.94,102.4,97.7,2434.718,87.6,10.12,9143.0,248.6,179.9,647.0,1184.5,12.5,1,9.8
1982-09-01,7.94,102.1,97.7,2434.718,87.6,10.31,9143.0,260.0,180.8,649.6,1195.1,11.7,1,10.1
1982-10-01,7.96,101.8,98.1,2434.718,87.6,9.71,9143.0,254.1,182.3,656.5,1215.2,11.2,1,10.4
1982-11-01,7.98,102.1,98.0,2434.718,87.6,9.2,9143.0,268.1,186.0,655.0,1226.2,10.9,1,10.8
1982-12-01,8.01,102.4,97.7,2434.718,87.6,8.95,9143.0,270.8,177.0,658.8,1232.0,10.9,0,10.8
1983-01-01,8.06,102.1,97.9,2628.837,87.6,8.68,9720.0,268.3,178.5,655.1,1250.6,11.1,0,10.4
1983-02-01,8.09,102.1,98.0,2628.837,87.6,8.51,9720.0,266.8,174.2,652.9,1257.3,11.2,0,10.4
1983-03-01,8.1,102.1,98.1,2628.837,87.6,8.77,9720.0,271.6,182.6,663.1,1268.1,10.7,0,10.3
1983-04-01,8.13,101.2,98.8,2628.837,87.6,8.8,9720.0,281.7,185.0,665.3,1279.4,10.3,0,10.2
1983-05-01,8.17,100.9,99.2,2628.837,87.6,8.63,9720.0,288.8,183.9,672.7,1284.3,9.9,0,10.1
1983-06-01,8.19,100.3,99.4,2628.837,87.6,8.98,9720.0,298.2,187.1,681.1,1296.7,9.2,0,10.1
1983-07-01,8.22,100.0,99.8,2628.837,87.6,9.37,9720.0,303.4,190.4,686.3,1314.7,9.7,0,9.4
1983-08-01,8.2,99.7,100.1,2628.837,87.6,9.56,9720.0,301.2,195.9,688.2,1331.1,9.2,0,9.5
1983-09-01,8.27,99.1,100.4,2628.837,87.6,9.45,9720.0,302.6,190.7,690.8,1341.5,9.6,0,9.2
1983-10-01,8.31,98.8,100.8,2628.837,87.6,9.48,9720.0,313.7,189.8,693.8,1350.1,9.7,0,8.8
1983-11-01,8.31,98.8,101.1,2628.837,87.6,9.34,9720.0,315.9,187.3,696.5,1353.9,10.3,0,8.5
1983-12-01,8.33,98.5,101.4,2628.837,87.6,9.47,9720.0,328.3,202.8,699.2,1366.1,10.1,0,8.3
1984-01-01,8.38,98.2,102.1,2910.758,87.6,9.56,10420.0,336.8,195.1,710.5,1372.0,9.9,0,8.0
1984-02-01,8.38,97.6,102.6,2910.758,87.6,9.59,10420.0,328.7,178.5,701.5,1373.3,11.6,0,7.8
1984-03-01,8.41,97.3,102.9,2910.758,87.6,9.91,10420.0,328.8,196.4,707.4,1395.5,11.4,0,7.8
1984-04-01,8.45,97.0,103.3,2910.758,87.6,10.29,10420.0,336.0,196.4,716.6,1404.9,11.4,0,7.7
1984-05-01,8.45,96.7,103.5,2910.758,87.6,10.32,10420.0,341.7,196.0,719.7,1413.1,11.0,0,7.4
1984-06-01,8.48,96.4,103.7,2910.758,87.6,11.06,10420.0,346.1,194.5,730.9,1418.6,11.0,0,7.2
1984-07-01,8.51,96.1,104.1,2910.758,87.6,11.23,10420.0,341.5,190.9,720.2,1432.9,11.4,0,7.5
1984-08-01,8.51,95.5,104.4,2910.758,87.6,11.64,10420.0,339.7,191.9,721.9,1450.6,11.7,0,7.5
1984-09-01,8.55,95.2,104.7,2910.758,87.6,11.3,10420.0,345.0,194.5,731.7,1457.2,11.7,0,7.3
1984-10-01,8.55,94.9,105.1,2910.758,87.6,9.99,10420.0,343.0,192.3,728.7,1459.5,11.6,0,7.4
1984-11-01,8.57,94.9,105.3,2910.758,87.6,9.43,10420.0,358.4,199.5,736.7,1476.3,10.7,0,7.2
1984-12-01,8.61,94.9,105.5,2910.758,87.6,8.38,10420.0,360.1,191.1,732.9,1489.7,11.1,0,7.3
1985-01-01,8.61,94.6,105.7,3105.08,87.6,8.35,11010.0,365.5,202.7,737.0,1516.2,10.2,0,7.3
1985-02-01,8.64,94.3,106.3,3105.08,87.6,8.5,11010.0,364.9,202.7,745.7,1530.2,8.9,0,7.2
1985-03-01,8.66,94.0,106.8,3105.08,87.6,8.58,11010.0,373.6,194.3,744.4,1530.4,8.6,0,7.2
1985-04-01,8.69,93.4,107.0,3105.08,87.6,8.27,11010.0,365.7,195.7,754.0,1539.8,9.8,0,7.3
1985-05-01,8.7,93.1,107.2,3105.08,87.6,7.97,11010.0,384.3,198.3,753.9,1558.2,11.0,0,7.2
1985-06-01,8.74,92.8,107.5,3105.08,87.6,7.53,11010.0,369.7,198.2,750.4,1569.3,9.6,0,7.4
1985-07-01,8.74,92.8,107.7,3105.08,87.6,7.88,11010.0,376.3,198.8,755.2,1584.1,9.1,0,7.4
1985-08-01,8.76,92.5,107.9,3105.08,87.6,7.9,11010.0,390.3,199.0,761.2,1600.6,8.1,0,7.1
1985-09-01,8.8,92.2,108.1,3105.08,87.6,7.92,11010.0,422.7,199.2,765.0,1606.9,7.3,0,7.1
1985-10-01,8.79,91.9,108.5,3105.08,87.6,7.99,11010.0,379.2,196.1,766.0,1610.6,9.1,0,7.1
1985-11-01,8.81,91.6,109.0,3105.08,87.6,8.05,11010.0,380.8,197.1,775.2,1615.1,9.0,0,7.0
1985-12-01,8.87,91.3,109.5,3105.08,87.6,8.27,11010.0,391.2,212.4,778.9,1641.2,8.6,0,7.0
1986-01-01,8.85,91.3,109.9,3293.387,87.6,8.14,11550.0,401.4,198.5,784.4,1641.3,8.7,0,6.7
1986-02-01,8.88,91.3,109.7,3293.387,87.6,7.86,11550.0,389.4,195.9,776.7,1654.2,9.3,0,7.2
1986-03-01,8.89,91.9,109.1,3293.387,87.6,7.48,11550.0,384.1,186.0,776.7,1662.8,9.9,0,7.2
1986-04-01,8.88,91.9,108.7,3293.387,87.6,6.99,11550.0,404.0,173.9,761.4,1669.8,9.7,0,7.1
1986-05-01,8.9,91.6,109.0,3293.387,87.6,6.85,11550.0,414.2,175.9,768.6,1674.7,9.3,0,7.2
1986-06-01,8.92,91.3,109.4,3293.387,87.6,6.92,11550.0,403.7,181.4,772.3,1685.7,9.4,0,7.2
1986-07-01,8.91,91.3,109.5,3293.387,87.6,6.56,11550.0,415.9,177.7,771.6,1693.7,9.3,0,7.0
1986-08-01,8.94,91.0,109.6,3293.387,87.6,6.17,11550.0,434.4,167.9,768.5,1695.7,8.9,0,6.9
1986-09-01,8.94,90.7,110.0,3293.387,87.6,5.89,11550.0,486.8,172.7,773.1,1711.9,7.1,0,7.0
1986-10-01,8.96,90.7,110.2,3293.387,87.6,5.85,11550.0,434.9,170.1,778.3,1719.7,8.3,0,7.0
1986-11-01,9.01,90.4,110.4,3293.387,87.6,6.04,11550.0,420.0,172.7,775.2,1733.2,8.6,0,6.9
1986-12-01,9.01,90.4,110.8,3293.387,87.6,6.91,11550.0,468.5,170.3,783.5,1745.1,6.8,0,6.6
1987-01-01,9.02,89.9,111.4,3457.219,87.6,6.43,12100.0,399.7,172.7,782.9,1752.9,9.4,0,6.6
1987-02-01,9.05,89.5,111.8,3457.219,87.6,6.1,12100.0,427.0,178.8,805.8,1769.0,8.2,0,6.6
1987-03-01,9.07,89.1,112.2,3457.219,87.6,6.13,12100.0,428.8,181.9,803.5,1781.0,8.1,0,6.6
1987-04-01,9.08,88.6,112.7,3457.219,87.6,6.37,12100.0,437.6,182.8,809.0,1792.2,4.1,0,6.3
1987-05-01,9.11,88.4,113.0,3457.219,87.6,6.85,12100.0,434.0,187.9,812.4,1802.0,7.8,0,6.3
1987-06-01,9.11,88.0,113.5,3457.219,87.6,6.73,12100.0,445.7,188.0,815.4,1811.6,7.3,0,6.2
1987-07-01,9.12,87.8,113.8,3457.219,87.6,6.58,12100.0,452.4,189.3,817.3,1825.0,7.1,0,6.1
1987-08-01,9.18,87.3,114.3,3457.219,87.6,6.73,12100.0,468.9,189.4,822.5,1839.4,6.8,0,6.0
1987-09-01,9.19,86.9,114.7,3457.219,87.6,7.22,12100.0,460.3,186.3,822.2,1844.0,7.2,0,5.9
1987-10-01,9.22,86.7,115.0,3457.219,87.6,7.29,12100.0,443.1,192.4,824.2,1867.3,7.9,0,6.0
1987-11-01,9.27,86.5,115.4,3457.219,87.6,6.69,12100.0,447.4,186.7,826.2,1870.6,8.2,0,5.8
1987-12-01,9.28,86.6,115.6,3457.219,87.6,6.77,12100.0,459.4,187.9,830.0,1884.7,8.4,0,5.7
1988-01-01,9.29,86.4,116.0,3774.082,87.6,6.83,12940.0,470.3,194.8,832.2,1911.3,7.9,0,5.7
1988-02-01,9.29,86.2,116.2,3774.082,87.6,6.58,12940.0,468.7,188.6,832.7,1920.1,8.4,0,5.7
1988-03-01,9.31,85.8,116.5,3774.082,87.6,6.58,12940.0,472.4,190.5,850.3,1937.9,8.0,0,5.7
1988-04-01,9.36,85.4,117.2,3774.082,87.6,6.87,12940.0,467.8,189.7,849.2,1946.1,8.7,0,5.4
1988-05-01,9.41,85.1,117.5,3774.082,87.6,7.09,12940.0,474.7,190.5,854.4,1964.6,8.3,0,5.6
1988-06-01,9.41,84.7,118.0,3774.082,87.6,7.51,12940.0,477.3,196.2,857.1,1984.2,8.4,0,5.4
1988-07-01,9.45,84.4,118.5,3774.082,87.6,7.75,12940.0,472.4,197.3,864.7,2005.7,8.6,0,5.4
1988-08-01,9.46,84.0,119.0,3774.082,87.6,8.01,12940.0,470.1,199.7,871.6,2026.2,8.4,0,5.6
1988-09-01,9.51,83.5,119.5,3774.082,87.6,8.19,12940.0,468.7,191.7,876.0,2030.3,8.8,0,5.4
1988-10-01,9.56,83.2,119.9,3774.082,87.6,8.3,12940.0,477.9,200.5,883.9,2051.9,8.6,0,5.4
1988-11-01,9.58,83.1,120.3,3774.082,87.6,8.35,12940.0,481.8,195.3,888.0,2060.4,8.4,0,5.3
1988-12-01,9.6,83.0,120.7,3774.082,87.6,8.76,12940.0,498.9,194.1,887.1,2073.8,8.3,0,5.3
1989-01-01,9.65,82.6,121.2,4053.277,87.6,9.12,13860.0,496.2,188.0,902.6,2085.0,8.5,0,5.4
1989-02-01,9.68,82.3,121.6,4053.277,87.6,9.36,13860.0,481.3,211.5,900.5,2106.3,8.9,0,5.2
1989-03-01,9.7,81.8,122.2,4053.277,87.6,9.85,13860.0,481.9,203.4,904.5,2112.3,9.4,0,5.0
1989-04-01,9.75,81.2,123.1,4053.277,87.6,9.84,13860.0,500.4,211.5,920.6,2122.0,8.3,0,5.2
1989-05-01,9.74,80.8,123.7,4053.277,87.6,9.81,13860.0,487.6,214.1,930.2,2134.0,8.0,0,5.2
1989-06-01,9.77,80.6,124.1,4053.277,87.6,9.53,13860.0,492.0,210.4,932.5,2142.1,8.1,0,5.3
1989-07-01,9.83,80.4,124.5,4053.277,87.6,9.24,13860.0,497.4,208.3,932.6,2155.7,8.1,0,5.2
1989-08-01,9.83,80.3,124.5,4053.277,87.6,8.99,13860.0,518.7,209.2,935.0,2166.9,7.5,0,5.2
1989-09-01,9.87,80.0,124.8,4053.277,87.6,9.02,13860.0,500.8,207.1,941.2,2179.8,7.9,0,5.3
1989-10-01,9.92,79.6,125.4,4053.277,87.6,8.84,13860.0,493.9,209.7,943.0,2196.7,8.4,0,5.3
1989-11-01,9.93,79.5,125.9,4053.277,87.6,8.55,13860.0,490.1,209.7,948.6,2204.6,8.5,0,5.4
1989-12-01,9.98,79.3,126.3,4053.277,87.6,8.45,13860.0,491.6,229.1,962.4,2230.1,7.7,0,5.4
1990-01-01,10.02,78.5,127.5,4318.635,87.6,8.23,14380.0,536.4,203.0,965.3,2229.0,7.9,0,5.4
1990-02-01,10.07,78.2,128.0,4318.635,87.6,8.24,14380.0,505.9,214.6,975.7,2246.6,8.5,0,5.3
1990-03-01,10.11,77.7,128.6,4318.635,87.6,8.28,14380.0,503.8,212.3,981.5,2269.6,8.3,0,5.2
1990-04-01,10.12,77.6,128.9,4318.635,87.6,8.26,14380.0,505.7,214.0,976.5,2287.8,8.7,0,5.4
1990-05-01,10.16,77.4,129.1,4318.635,87.6,8.18,14380.0,495.3,212.5,977.4,2303.1,8.7,0,5.4
1990-06-01,10.2,77.0,129.9,4318.635,87.6,8.29,14380.0,494.3,213.4,988.6,2321.6,8.6,0,5.2
1990-07-01,10.22,76.7,130.5,4318.635,87.6,8.15,14380.0,496.3,213.7,991.1,2334.3,8.7,0,5.5
1990-08-01,10.24,76.0,131.6,4318.635,87.6,8.13,14380.0,489.3,229.5,1004.2,2354.8,8.1,1,5.7
1990-09-01,10.27,75.4,132.5,4318.635,87.6,8.2,14380.0,495.1,236.4,1014.1,2361.0,8.1,1,5.9
1990-10-01,10.3,74.9,133.4,4318.635,87.6,8.11,14380.0,486.1,243.5,1016.3,2368.1,7.9,1,5.9
1990-11-01,10.32,74.8,133.7,4318.635,87.6,7.81,14380.0,482.7,239.9,1023.5,2365.7,8.0,1,6.2
1990-12-01,10.34,74.7,134.2,4318.635,87.6,7.31,14380.0,474.0,242.7,1016.5,2370.8,8.8,1,6.3
1991-01-01,10.37,74.3,134.7,4501.012,87.6,6.91,14690.0,452.7,237.0,1013.0,2375.3,9.4,1,6.4
1991-02-01,10.39,74.2,134.8,4501.012,87.6,6.25,14690.0,467.0,221.2,1010.9,2388.8,9.0,1,6.6
1991-03-01,10.41,74.1,134.8,4501.012,87.6,6.12,14690.0,495.4,220.8,1018.6,2399.0,8.1,1,6.8
1991-04-01,10.46,73.9,135.1,4501.012,87.6,5.91,14690.0,474.4,221.8,1017.2,2415.4,8.7,0,6.7
1991-05-01,10.5,73.7,135.6,4501.012,87.6,5.78,14690.0,473.5,234.2,1026.7,2432.9,8.5,0,6.9
1991-06-01,10.51,73.5,136.0,4501.012,87.6,5.9,14690.0,477.8,227.0,1021.3,2441.4,9.0,0,6.9
1991-07-01,10.54,73.4,136.2,4501.012,87.6,5.82,14690.0,485.4,227.7,1025.2,2455.5,8.4,0,6.8
1991-08-01,10.56,73.2,136.6,4501.012,87.6,5.66,14690.0,479.8,223.4,1026.4,2463.0,8.7,0,6.9
1991-09-01,10.58,72.9,137.0,4501.012,87.6,5.45,14690.0,487.9,226.5,1021.6,2475.2,8.9,0,6.9
1991-10-01,10.59,72.8,137.2,4501.012,87.6,5.21,14690.0,474.1,221.6,1018.4,2483.5,9.4,0,7.0
1991-11-01,10.61,72.6,137.8,4501.012,87.6,4.81,14690.0,477.3,228.7,1022.6,2503.6,9.1,0,7.0
1991-12-01,10.64,72.5,138.2,4501.012,87.6,4.43,14690.0,480.9,222.9,1021.0,2518.6,9.8,0,7.3
1992-01-01,10.64,72.4,138.3,4804.692,87.6,4.03,14900.0,495.6,220.9,1040.0,2549.1,9.5,0,7.3
1992-02-01,10.66,72.2,138.6,4804.692,87.6,4.06,14900.0,501.3,214.5,1038.6,2559.7,9.8,0,7.4
1992-03-01,10.68,71.8,139.1,4804.692,87.6,3.98,14900.0,491.7,230.8,1034.4,2590.9,9.7,0,7.4
1992-04-01,10.72,71.7,139.4,4804.692,87.6,3.73,14900.0,490.0,231.9,1043.3,2598.2,9.8,0,7.4
1992-05-01,10.74,71.6,139.7,4804.692,87.6,3.82,14900.0,501.9,229.6,1048.4,2608.0,9.8,0,7.6
1992-06-01,10.77,71.3,140.1,4804.692,87.6,3.76,14900.0,511.0,228.8,1049.9,2616.1,10.0,0,7.8
1992-07-01,10.78,71.2,140.5,4804.692,87.6,3.25,14900.0,507.2,232.4,1056.2,2641.3,9.5,0,7.7
1992-08-01,10.81,71.0,140.8,4804.692,87.6,3.3,14900.0,511.9,228.0,1061.3,2647.7,9.6,0,7.6
1992-09-01,10.83,70.8,141.1,4804.692,87.6,3.22,14900.0,517.1,239.4,1065.6,2672.5,8.6,0,7.6
1992-10-01,10.85,70.5,141.7,4804.692,87.6,3.1,14900.0,522.7,234.9,1073.9,2688.1,7.9,0,7.3
1992-11-01,10.86,70.4,142.1,4804.692,87.6,3.09,14900.0,514.1,245.0,1071.5,2714.9,7.9,0,7.4
1992-12-01,10.9,70.5,142.3,4804.692,87.6,2.92,14900.0,532.4,240.4,1079.0,2725.0,10.5,0,7.4
1993-01-01,10.93,70.1,142.8,5004.111,87.6,3.02,15430.0,538.1,227.5,1078.5,2724.1,8.5,0,7.3
1993-02-01,10.95,69.9,143.1,5004.111,87.6,3.03,15430.0,524.2,248.3,1081.4,2749.7,8.8,0,7.1
1993-03-01,10.99,69.7,143.3,5004.111,87.6,3.07,15430.0,521.2,245.2,1077.5,2753.8,8.8,0,7.0
1993-04-01,10.99,69.5,143.8,5004.111,87.6,2.96,15430.0,543.0,238.2,1082.4,2768.0,8.7,0,7.1
1993-05-01,11.01,69.3,144.2,5004.111,87.6,3.0,15430.0,552.0,235.3,1091.7,2778.7,8.2,0,7.1
1993-06-01,11.03,69.3,144.3,5004.111,87.6,3.04,15430.0,548.6,241.2,1084.9,2806.5,7.7,0,7.0
1993-07-01,11.05,69.2,144.5,5004.111,87.6,3.06,15430.0,558.6,239.4,1091.9,2818.5,7.5,0,6.9
1993-08-01,11.07,69.0,144.8,5004.111,87.6,3.03,15430.0,551.5,245.1,1090.4,2839.2,7.6,0,6.8
1993-09-01,11.09,68.9,145.0,5004.111,87.6,3.09,15430.0,559.8,246.0,1095.3,2856.4,6.8,0,6.7
1993-10-01,11.13,68.6,145.6,5004.111,87.6,2.99,15430.0,568.9,247.6,1100.2,2863.7,6.2,0,6.8
1993-11-01,11.15,68.6,146.0,5004.111,87.6,3.02,15430.0,574.2,241.6,1107.2,2872.7,6.2,0,6.6
1993-12-01,11.18,68.6,146.3,5004.111,87.6,2.96,15430.0,578.3,248.0,1108.5,2884.3,9.0,0,6.5
1994-01-01,11.2,68.4,146.3,5247.849,87.6,3.05,15940.0,579.6,249.4,1109.9,2895.6,7.0,0,6.6
1994-02-01,11.25,68.2,146.7,5247.849,87.6,3.25,15940.0,593.3,248.8,1117.8,2921.5,6.4,0,6.6
1994-03-01,11.25,67.9,147.1,5247.849,87.6,3.34,15940.0,593.6,240.0,1122.8,2929.6,6.7,0,6.5
1994-04-01,11.27,67.9,147.2,5247.849,87.6,3.56,15940.0,607.0,239.8,1126.1,2938.0,6.3,0,6.4
1994-05-01,11.29,67.8,147.5,5247.849,87.6,4.01,15940.0,588.9,242.8,1124.0,2956.7,7.5,0,6.1
1994-06-01,11.31,67.6,147.9,5247.849,87.6,4.25,15940.0,600.3,253.9,1134.2,2974.4,6.8,0,6.1
1994-07-01,11.34,67.4,148.4,5247.849,87.6,4.26,15940.0,602.1,246.0,1139.3,2979.3,6.9,0,6.1
1994-08-01,11.36,67.1,149.0,5247.849,87.6,4.47,15940.0,612.0,252.3,1155.0,2995.7,6.4,0,6.0
1994-09-01,11.39,66.9,149.3,5247.849,87.6,4.73,15940.0,613.8,246.8,1154.5,3006.7,6.7,0,5.9
1994-10-01,11.42,66.9,149.4,5247.849,87.6,4.76,15940.0,629.6,247.8,1161.1,3022.2,7.0,0,5.8
1994-11-01,11.45,66.8,149.8,5247.849,87.6,5.29,15940.0,635.1,242.1,1159.1,3031.4,6.9,0,5.6
1994-12-01,11.48,66.8,150.1,5247.849,87.6,5.45,15940.0,630.7,246.9,1168.8,3042.1,7.0,0,5.5
1995-01-01,11.48,66.5,150.5,5534.953,87.6,5.53,16780.0,623.6,245.8,1173.0,3054.7,7.3,0,5.6
1995-02-01,11.52,66.3,150.9,5534.953,87.6,5.92,16780.0,613.0,253.3,1161.0,3076.7,7.7,0,5.4
1995-03-01,11.55,66.0,151.2,5534.953,87.6,5.98,16780.0,627.2,242.0,1166.6,3091.6,7.4,0,5.4
1995-04-01,11.56,65.8,151.8,5534.953,87.6,6.05,16780.0,613.2,250.5,1168.4,3108.7,6.8,0,5.8
1995-05-01,11.59,65.7,152.1,5534.953,87.6,6.01,16780.0,624.8,254.4,1178.5,3129.8,7.0,0,5.6
1995-06-01,11.63,65.6,152.4,5534.953,87.6,6.0,16780.0,642.8,255.4,1184.1,3150.6,6.5,0,5.6
1995-07-01,11.67,65.6,152.6,5534.953,87.6,5.85,16780.0,631.0,257.8,1182.9,3156.3,6.9,0,5.7
1995-08-01,11.69,65.4,152.9,5534.953,87.6,5.74,16780.0,645.3,261.0,1178.6,3181.4,6.6,0,5.7
1995-09-01,11.73,65.3,153.1,5534.953,87.6,5.8,16780.0,651.3,247.2,1189.5,3179.6,6.6,0,5.6
1995-10-01,11.75,65.1,153.5,5534.953,87.6,5.76,16780.0,638.1,244.8,1181.5,3194.3,7.0,0,5.5
1995-11-01,11.78,65.1,153.7,5534.953,87.6,5.8,16780.0,650.6,253.4,1191.5,3213.4,6.4,0,5.6
1995-12-01,11.81,65.1,153.9,5534.953,87.6,5.6,16780.0,668.0,254.6,1201.9,3227.5,6.0,0,5.6
1996-01-01,11.86,64.8,154.7,5829.114,87.6,5.56,17590.0,645.8,261.6,1200.1,3239.8,6.5,0,5.6
1996-02-01,11.87,64.5,155.0,5829.114,87.6,5.22,17590.0,663.2,265.4,1209.3,3260.3,6.6,0,5.5
1996-03-01,11.89,64.2,155.5,5829.114,87.6,5.31,17590.0,670.4,271.7,1224.1,3278.8,6.4,0,5.5
1996-04-01,11.96,64.0,156.1,5829.114,87.6,5.22,17590.0,679.5,274.3,1237.5,3290.9,5.5,0,5.6
1996-05-01,11.98,63.9,156.4,5829.114,87.6,5.24,17590.0,680.1,277.1,1238.0,3305.7,6.5,0,5.6
1996-06-01,12.03,63.8,156.7,5829.114,87.6,5.27,17590.0,669.4,270.3,1243.1,3317.3,6.9,0,5.3
1996-07-01,12.05,63.7,157.0,5829.114,87.6,5.4,17590.0,672.9,263.5,1244.3,3334.7,6.5,0,5.5
1996-08-01,12.1,63.6,157.2,5829.114,87.6,5.22,17590.0,681.7,268.9,1246.2,3347.1,6.4,0,5.1
1996-09-01,12.13,63.4,157.7,5829.114,87.6,5.3,17590.0,683.6,261.0,1249.0,3364.0,6.4,0,5.2
1996-10-01,12.16,63.2,158.2,5829.114,87.6,5.24,17590.0,688.8,270.8,1263.2,3376.4,6.1,0,5.2
1996-11-01,12.2,63.1,158.7,5829.114,87.6,5.31,17590.0,692.2,275.7,1266.5,3392.5,6.2,0,5.4
1996-12-01,12.24,63.1,159.1,5829.114,87.6,5.29,17590.0,687.8,275.9,1275.2,3415.6,6.1,0,5.4
1997-01-01,12.29,62.8,159.4,6142.153,87.6,5.25,18760.0,703.3,280.7,1272.1,3435.7,5.9,0,5.3
1997-02-01,12.31,62.6,159.7,6142.153,87.6,5.19,18760.0,702.0,280.1,1283.1,3448.9,6.0,0,5.2
1997-03-01,12.35,62.5,159.8,6142.153,87.6,5.39,18760.0,711.5,270.8,1287.8,3454.9,6.1,0,5.2
1997-04-01,12.39,62.4,159.9,6142.153,87.6,5.51,18760.0,697.5,277.5,1278.6,3483.3,6.2,0,5.1
1997-05-01,12.43,62.5,159.9,6142.153,87.6,5.5,18760.0,690.2,267.0,1273.0,3497.0,6.5,0,4.9
1997-06-01,12.46,62.4,160.2,6142.153,87.6,5.56,18760.0,702.1,263.8,1281.6,3510.6,6.3,0,5.0
1997-07-01,12.5,62.3,160.4,6142.153,87.6,5.52,18760.0,715.7,269.1,1291.1,3542.0,5.8,0,4.9
1997-08-01,12.57,62.2,160.8,6142.153,87.6,5.54,18760.0,732.6,268.4,1297.7,3556.7,5.7,0,4.8
1997-09-01,12.6,62.0,161.2,6142.153,87.6,5.54,18760.0,720.0,275.0,1303.2,3578.5,5.9,0,4.9
1997-10-01,12.66,61.9,161.5,6142.153,87.6,5.5,18760.0,724.7,285.6,1303.9,3609.1,5.9,0,4.7
1997-11-01,12.71,61.9,161.7,6142.153,87.6,5.52,18760.0,740.8,275.1,1312.7,3607.6,6.1,0,4.6
1997-12-01,12.75,62.0,161.8,6142.153,87.6,5.5,18760.0,746.1,277.8,1306.8,3639.2,6.1,0,4.7
1998-01-01,12.79,61.9,162.0,6555.937,87.6,5.56,19950.0,733.0,257.8,1309.4,3647.4,7.0,0,4.6
1998-02-01,12.83,61.8,162.0,6555.937,87.6,5.51,19950.0,739.4,260.2,1306.5,3677.9,7.0,0,4.6
1998-03-01,12.87,61.7,162.0,6555.937,87.6,5.49,19950.0,740.7,260.8,1304.1,3705.5,7.1,0,4.7
1998-04-01,12.92,61.5,162.2,6555.937,87.6,5.45,19950.0,758.1,252.6,1313.6,3716.4,6.9,0,4.3
1998-05-01,12.97,61.4,162.6,6555.937,87.6,5.49,19950.0,778.3,261.7,1317.7,3741.9,6.6,0,4.4
1998-06-01,12.99,61.4,162.8,6555.937,87.6,5.56,19950.0,771.3,268.5,1328.4,3771.9,6.5,0,4.5
1998-07-01,13.0,61.3,163.2,6555.937,87.6,5.54,19950.0,769.4,262.6,1334.1,3786.4,6.6,0,4.5
1998-08-01,13.07,61.2,163.4,6555.937,87.6,5.55,19950.0,784.9,260.4,1333.2,3806.9,6.5,0,4.5
1998-09-01,13.11,61.1,163.5,6555.937,87.6,5.51,19950.0,800.9,259.1,1337.2,3827.6,6.1,0,4.6
1998-10-01,13.14,61.0,163.9,6555.937,87.6,5.07,19950.0,819.4,251.2,1344.8,3834.5,5.9,0,4.5
1998-11-01,13.17,61.0,164.1,6555.937,87.6,4.83,19950.0,817.9,246.2,1354.0,3843.5,6.0,0,4.4
1998-12-01,13.21,61.0,164.4,6555.937,87.6,4.68,19950.0,838.2,248.2,1366.6,3865.7,5.5,0,4.4
1999-01-01,13.27,60.8,164.7,6866.685,87.6,4.63,20580.0,808.4,250.7,1380.0,3885.5,6.1,0,4.3
1999-02-01,13.3,60.8,164.7,6866.685,87.6,4.76,20580.0,824.1,242.9,1384.8,3890.3,6.0,0,4.4
1999-03-01,13.34,60.6,164.8,6866.685,87.6,4.81,20580.0,827.4,253.7,1390.1,3915.6,5.6,0,4.2
1999-04-01,13.38,60.2,165.9,6866.685,87.6,4.74,20580.0,841.3,269.5,1414.3,3943.9,4.7,0,4.3
1999-05-01,13.42,60.2,166.0,6866.685,87.6,4.74,20580.0,855.4,267.6,1420.8,3956.0,4.4,0,4.2
1999-06-01,13.47,60.2,166.0,6866.685,87.6,4.76,20580.0,867.7,271.8,1419.7,3972.8,4.3,0,4.3
1999-07-01,13.51,60.0,166.7,6866.685,87.6,4.99,20580.0,865.2,281.1,1421.8,4000.5,4.4,0,4.3
1999-08-01,13.53,59.8,167.1,6866.685,87.6,5.07,20580.0,871.9,283.2,1439.3,4020.7,4.3,0,4.2
1999-09-01,13.61,59.6,167.8,6866.685,87.6,5.22,20580.0,876.4,287.6,1459.1,4051.0,3.7,0,4.2
1999-10-01,13.64,59.4,168.1,6866.685,87.6,5.2,20580.0,868.0,291.0,1462.2,4081.2,4.0,0,4.1
1999-11-01,13.66,59.4,168.4,6866.685,87.6,5.42,20580.0,871.2,274.9,1467.8,4109.7,4.1,0,4.1
1999-12-01,13.7,59.4,168.8,6866.685,87.6,5.3,20580.0,889.8,294.2,1518.0,4133.2,3.7,0,4.0
2000-01-01,13.74,59.2,169.3,7384.97,87.6,5.45,21520.0,908.6,290.9,1463.7,4170.6,4.5,0,4.0
2000-02-01,13.8,58.9,170.0,7384.97,87.6,5.73,21520.0,930.7,298.8,1485.4,4209.1,4.0,0,4.1
2000-03-01,13.85,58.4,171.0,7384.97,87.6,5.85,21520.0,923.3,306.1,1527.5,4235.7,3.8,0,4.0
2000-04-01,13.89,58.4,170.9,7384.97,87.6,6.02,21520.0,900.6,307.6,1528.2,4250.2,4.3,0,3.8
2000-05-01,13.94,58.3,171.2,7384.97,87.6,6.27,21520.0,907.0,312.3,1532.0,4270.7,4.3,0,4.0
2000-06-01,13.98,58.0,172.2,7384.97,87.6,6.53,21520.0,898.2,330.7,1545.1,4303.6,4.3,0,4.0
2000-07-01,14.02,57.9,172.7,7384.97,87.6,6.54,21520.0,897.3,326.2,1547.8,4323.4,4.7,0,4.0
2000-08-01,14.07,57.9,172.7,7384.97,87.6,6.5,21520.0,906.4,323.3,1548.8,4347.6,4.8,0,4.1
2000-09-01,14.12,57.6,173.6,7384.97,87.6,6.52,21520.0,931.3,337.4,1575.8,4381.5,4.1,0,3.9
2000-10-01,14.17,57.5,173.9,7384.97,87.6,6.51,21520.0,920.6,332.8,1572.6,4400.6,4.3,0,3.9
2000-11-01,14.23,57.4,174.2,7384.97,87.6,6.51,21520.0,913.4,336.8,1572.5,4424.0,4.3,0,3.9
2000-12-01,14.29,57.5,174.6,7384.97,87.6,6.4,21520.0,913.5,362.7,1587.7,4451.0,4.1,0,3.9
2001-01-01,14.29,57.1,175.6,7754.096,87.6,5.98,21930.0,916.5,350.6,1582.1,4488.9,4.5,0,4.2
2001-02-01,14.36,56.9,176.0,7754.096,87.6,5.49,21930.0,938.9,346.7,1574.9,4488.0,4.6,0,4.2
2001-03-01,14.42,56.7,176.1,7754.096,87.6,5.31,21930.0,925.1,344.8,1560.3,4511.3,4.9,0,4.3
2001-04-01,14.44,56.5,176.4,7754.096,88.4,4.8,21930.0,908.3,334.1,1582.1,4513.8,4.8,1,4.4
2001-05-01,14.5,56.3,177.3,7754.096,88.4,4.21,21930.0,916.0,349.4,1603.0,4533.8,4.3,1,4.3
2001-06-01,14.54,56.2,177.7,7754.096,88.4,3.97,21930.0,934.1,338.0,1586.8,4548.8,4.2,1,4.5
2001-07-01,14.55,56.3,177.4,7754.096,89.2,3.77,21930.0,925.0,331.1,1592.0,4565.3,5.4,1,4.6
2001-08-01,14.6,56.3,177.4,7754.096,89.2,3.65,21930.0,942.5,318.4,1590.2,4589.0,6.5,1,4.9
2001-09-01,14.62,56.1,178.1,7754.096,89.2,3.07,21930.0,904.1,331.6,1591.9,4511.0,6.9,1,5.0
2001-10-01,14.66,56.3,177.6,7754.096,90.0,2.49,21930.0,1035.1,315.4,1592.0,4585.8,2.9,1,5.3
2001-11-01,14.72,56.4,177.5,7754.096,90.0,2.09,21930.0,997.0,287.3,1580.6,4604.8,3.4,1,5.5
2001-12-01,14.74,56.6,177.4,7754.096,90.0,1.82,21930.0,955.6,283.6,1573.1,4638.1,3.7,0,5.7
2002-01-01,14.76,56.5,177.7,8097.871,90.7,1.73,22120.0,970.7,274.5,1578.6,4635.3,5.6,0,5.7
2002-02-01,14.78,56.2,178.0,8097.871,90.7,1.74,22120.0,983.2,278.3,1584.5,4657.5,5.4,0,5.7
2002-03-01,14.83,55.9,178.5,8097.871,90.7,1.73,22120.0,974.9,297.5,1593.8,4674.7,5.5,0,5.7
2002-04-01,14.84,55.6,179.3,8097.871,91.6,1.75,22120.0,1001.5,307.2,1607.3,4703.6,5.4,0,5.9
2002-05-01,14.88,55.6,179.5,8097.871,91.6,1.75,22120.0,962.7,318.1,1602.6,4723.7,6.1,0,5.8
2002-06-01,14.93,55.6,179.6,8097.871,91.6,1.75,22120.0,968.0,315.6,1618.7,4735.8,6.1,0,5.8
2002-07-01,14.97,55.5,180.0,8097.871,92.0,1.73,22120.0,1001.6,321.8,1617.5,4768.2,5.3,0,5.8
2002-08-01,15.02,55.4,180.5,8097.871,92.0,1.74,22120.0,1019.7,321.1,1616.3,4776.6,5.2,0,5.7
2002-09-01,15.05,55.3,180.8,8097.871,92.0,1.75,22120.0,983.9,322.4,1616.4,4791.3,5.8,0,5.7
2002-10-01,15.12,55.2,181.2,8097.871,92.3,1.75,22120.0,969.9,338.7,1634.8,4830.4,5.6,0,5.7
2002-11-01,15.15,55.2,181.5,8097.871,92.3,1.34,22120.0,978.5,334.5,1645.0,4840.3,5.6,0,5.9
2002-12-01,15.2,55.3,181.8,8097.871,92.3,1.24,22120.0,1009.9,332.8,1645.8,4864.3,5.3,0,6.0
2003-01-01,15.22,55.0,182.6,8478.217,93.3,1.24,22670.0,982.6,354.8,1667.1,4891.6,5.3,0,5.8
2003-02-01,15.28,54.6,183.6,8478.217,93.3,1.26,22670.0,956.4,370.6,1687.0,4905.3,5.2,0,5.9
2003-03-01,15.27,54.3,183.9,8478.217,93.3,1.25,22670.0,984.6,367.8,1694.3,4932.6,4.9,0,5.9
2003-04-01,15.28,54.4,183.2,8478.217,93.8,1.26,22670.0,1003.9,363.2,1676.2,4954.4,5.0,0,6.0
2003-05-01,15.33,54.5,182.9,8478.217,93.8,1.26,22670.0,1005.7,336.8,1653.0,4991.7,5.3,0,6.1
2003-06-01,15.36,54.4,183.1,8478.217,93.8,1.22,22670.0,1013.9,328.7,1681.0,5004.6,5.1,0,6.3
2003-07-01,15.4,54.4,183.7,8478.217,94.7,1.01,22670.0,1024.9,340.2,1696.8,5035.3,5.9,0,6.2
2003-08-01,15.42,54.2,184.5,8478.217,94.7,1.03,22670.0,1059.3,362.6,1733.1,5059.7,5.7,0,6.1
2003-09-01,15.42,54.0,185.1,8478.217,94.7,1.01,22670.0,1041.1,367.4,1743.6,5069.0,4.9,0,6.1
2003-10-01,15.42,54.0,184.9,8478.217,95.2,1.01,22670.0,1036.2,360.1,1730.0,5101.2,5.0,0,6.0
2003-11-01,15.46,54.2,185.0,8478.217,95.2,1.0,22670.0,1053.5,360.9,1746.1,5123.0,5.0,0,5.8
2003-12-01,15.47,54.3,185.5,8478.217,95.2,0.98,22670.0,1051.5,368.2,1749.5,5149.4,5.0,0,5.7
2004-01-01,15.51,54.0,186.3,8967.128,95.7,1.0,23210.0,1048.1,385.7,1775.3,5183.7,4.6,0,5.7
2004-02-01,15.53,53.7,186.7,8967.128,95.7,1.01,23210.0,1065.2,388.6,1764.8,5210.4,4.6,0,5.6
2004-03-01,15.56,53.4,187.1,8967.128,95.7,1.0,23210.0,1079.4,376.4,1796.9,5222.5,4.5,0,5.8
2004-04-01,15.59,53.2,187.4,8967.128,96.4,1.0,23210.0,1062.8,381.1,1788.1,5256.3,4.9,0,5.6
2004-05-01,15.63,52.9,188.2,8967.128,96.4,1.0,23210.0,1091.5,393.3,1810.0,5274.9,4.8,0,5.6
2004-06-01,15.67,52.7,188.9,8967.128,96.4,1.03,23210.0,1043.6,399.7,1810.9,5303.1,5.4,0,5.6
2004-07-01,15.69,52.8,189.1,8967.128,97.2,1.26,23210.0,1076.9,396.1,1815.1,5345.0,4.7,0,5.5
2004-08-01,15.73,52.8,189.2,8967.128,97.2,1.43,23210.0,1079.0,395.2,1825.1,5367.5,4.7,0,5.4
2004-09-01,15.78,52.7,189.8,8967.128,97.2,1.61,23210.0,1099.3,403.8,1838.7,5403.5,4.1,0,5.4
2004-10-01,15.81,52.4,190.8,8967.128,97.7,1.76,23210.0,1098.6,422.7,1868.0,5430.4,3.9,0,5.5
2004-11-01,15.84,52.4,191.7,8967.128,97.7,1.93,23210.0,1099.9,435.9,1880.6,5463.9,3.4,0,5.4
2004-12-01,15.86,52.5,191.7,8967.128,97.7,2.16,23210.0,1122.6,431.6,1883.8,5498.0,6.2,0,5.4
2005-01-01,15.9,52.4,191.6,9333.646,98.3,2.28,24330.0,1096.4,422.5,1886.1,5515.2,2.7,0,5.3
2005-02-01,15.93,52.1,192.4,9333.646,98.3,2.5,24330.0,1113.2,424.3,1897.2,5548.7,2.3,0,5.4
2005-03-01,15.97,51.7,193.1,9333.646,98.3,2.63,24330.0,1120.2,442.8,1892.7,5585.5,2.5,0,5.2
2005-04-01,16.01,51.4,193.7,9333.646,98.8,2.79,24330.0,1142.8,444.9,1922.4,5613.2,2.1,0,5.2
2005-05-01,16.03,51.4,193.6,9333.646,98.8,3.0,24330.0,1116.4,440.2,1913.3,5641.9,2.6,0,5.1
2005-06-01,16.08,51.4,193.7,9333.646,98.8,3.04,24330.0,1154.6,440.2,1922.7,5676.1,2.0,0,5.0
2005-07-01,16.15,51.2,194.9,9333.646,99.4,3.26,24330.0,1202.2,471.5,1947.3,5704.3,1.4,0,5.0
2005-08-01,16.17,50.9,196.1,9333.646,99.4,3.5,24330.0,1139.5,500.9,1984.4,5726.2,2.0,0,4.9
2005-09-01,16.19,50.3,198.8,9333.646,99.4,3.62,24330.0,1113.8,549.9,2026.4,5760.3,2.0,0,5.0
2005-10-01,16.28,50.2,199.1,9333.646,100.1,3.78,24330.0,1099.6,544.4,2051.7,5787.1,2.3,0,5.0
2005-11-01,16.3,50.6,198.1,9333.646,100.1,4.0,24330.0,1116.4,500.3,2003.3,5826.5,2.6,0,5.0
2005-12-01,16.36,50.8,198.1,9333.646,100.1,4.16,24330.0,1128.2,501.9,2004.2,5848.8,2.5,0,4.9
2006-01-01,16.42,50.4,199.3,9945.033,100.8,4.29,25800.0,1167.9,487.2,2041.8,5861.9,3.0,0,4.7
2006-02-01,16.48,50.3,199.4,9945.033,100.8,4.49,25800.0,1143.5,509.0,2047.9,5904.6,3.2,0,4.8
2006-03-01,16.54,50.0,199.7,9945.033,100.8,4.59,25800.0,1151.0,505.7,2038.4,5943.4,3.3,0,4.7
2006-04-01,16.63,49.6,200.7,9945.033,101.6,4.79,25800.0,1151.0,521.2,2072.1,5968.5,3.1,0,4.7
2006-05-01,16.66,49.4,201.3,9945.033,101.6,4.94,25800.0,1147.2,536.1,2076.1,6008.5,2.9,0,4.6
2006-06-01,16.72,49.3,201.8,9945.033,101.6,4.99,25800.0,1149.5,530.6,2082.3,6027.8,2.9,0,4.6
2006-07-01,16.78,49.1,202.9,9945.033,102.5,5.24,25800.0,1168.7,578.1,2116.8,6058.3,2.3,0,4.7
2006-08-01,16.82,49.0,203.8,9945.033,102.5,5.25,25800.0,1146.0,566.6,2123.0,6073.2,2.5,0,4.7
2006-09-01,16.87,49.3,202.8,9945.033,102.5,5.25,25800.0,1166.9,529.1,2098.9,6109.5,2.4,0,4.5
2006-10-01,16.93,49.5,201.9,9945.033,103.3,5.25,25800.0,1168.3,500.6,2083.1,6142.2,2.4,0,4.4
2006-11-01,16.98,49.6,202.0,9945.033,103.3,5.25,25800.0,1164.4,483.9,2072.0,6163.8,2.7,0,4.5
2006-12-01,17.05,49.6,203.1,9945.033,103.3,5.24,25800.0,1175.5,496.1,2123.4,6189.3,2.6,0,4.4
2007-01-01,17.09,49.4,203.437,10439.63,104.3,5.25,26630.0,1183.5,509.5,2116.2,6239.0,2.4,0,4.6
2007-02-01,17.16,49.1,204.226,10439.63,104.3,5.26,26630.0,1175.1,531.0,2120.9,6269.9,2.8,0,4.5
2007-03-01,17.22,48.7,205.288,10439.63,104.3,5.26,26630.0,1178.5,525.6,2150.2,6283.1,3.0,0,4.4
2007-04-01,17.27,48.4,205.904,10439.63,105.1,5.25,26630.0,1181.2,561.7,2151.0,6311.3,3.0,0,4.5
2007-05-01,17.34,48.1,206.755,10439.63,105.1,5.25,26630.0,1197.7,547.1,2170.3,6317.8,2.8,0,4.4
2007-06-01,17.41,48.0,207.234,10439.63,105.1,5.25,26630.0,1178.2,554.0,2177.0,6351.6,2.7,0,4.6
2007-07-01,17.46,48.0,207.603,10439.63,105.9,5.26,26630.0,1180.7,558.8,2194.8,6375.7,2.6,0,4.7
2007-08-01,17.5,48.1,207.667,10439.63,105.9,5.02,26630.0,1192.4,557.6,2174.6,6432.0,2.2,0,4.6
2007-09-01,17.55,48.0,208.547,10439.63,105.9,4.94,26630.0,1202.6,568.6,2195.1,6447.4,2.3,0,4.7
2007-10-01,17.58,47.9,209.19,10439.63,106.7,4.76,26630.0,1209.0,554.3,2196.9,6476.7,2.2,0,4.7
2007-11-01,17.63,47.6,210.834,10439.63,106.7,4.49,26630.0,1197.7,598.7,2245.0,6513.2,1.9,0,4.7
2007-12-01,17.68,47.6,211.445,10439.63,106.7,4.24,26630.0,1180.0,601.7,2255.9,6536.9,2.4,0,5.0
2008-01-01,17.74,47.4,212.174,10918.179,107.6,3.94,26510.0,1168.4,598.9,2252.6,6575.4,2.6,1,5.0
2008-02-01,17.8,47.2,212.687,10918.179,107.6,2.98,26510.0,1148.4,605.9,2238.4,6594.9,3.0,1,4.9
2008-03-01,17.88,46.8,213.448,10918.179,107.6,2.61,26510.0,1143.7,628.8,2267.6,6623.9,2.9,1,5.1
2008-04-01,17.92,46.5,213.942,10918.179,108.4,2.28,26510.0,1139.1,619.0,2276.2,6655.0,2.4,1,5.0
2008-05-01,17.98,46.2,215.208,10918.179,108.4,1.98,26510.0,1143.7,637.8,2300.6,6687.9,6.8,1,5.4
2008-06-01,18.04,45.7,217.463,10918.179,108.4,2.0,26510.0,1130.4,683.1,2340.6,6716.1,4.6,1,5.6
2008-07-01,18.1,45.5,219.016,10918.179,109.0,2.01,26510.0,1100.0,692.0,2356.3,6728.9,3.6,1,5.8
2008-08-01,18.18,45.6,218.69,10918.179,109.0,2.0,26510.0,1114.3,663.2,2336.8,6724.6,3.1,1,6.1
2008-09-01,18.2,45.7,218.877,10918.179,109.0,1.81,26510.0,1073.2,654.2,2303.1,6740.1,3.9,1,6.1
2008-10-01,18.25,46.2,216.995,10918.179,109.5,0.97,26510.0,1026.6,623.3,2262.9,6744.6,4.9,1,6.5
2008-11-01,18.31,47.1,213.153,10918.179,109.5,0.39,26510.0,1002.4,514.0,2153.0,6729.8,6.0,1,6.8
2008-12-01,18.39,47.6,211.398,10918.179,109.5,0.16,26510.0,995.0,455.9,2085.3,6721.2,5.8,1,7.3
2009-01-01,18.39,47.4,211.933,10913.304,109.8,0.15,26130.0,1023.0,465.6,2110.3,6714.0,5.9,1,7.8
2009-02-01,18.44,47.1,212.705,10913.304,109.8,0.22,26130.0,1006.2,470.4,2130.2,6688.1,5.4,1,8.3
2009-03-01,18.5,47.0,212.495,10913.304,109.8,0.18,26130.0,984.2,470.3,2106.2,6682.8,5.8,1,8.7
2009-04-01,18.52,46.9,212.709,10913.304,110.1,0.15,26130.0,978.8,459.6,2119.6,6674.1,6.5,1,9.0
2009-05-01,18.53,46.8,213.022,10913.304,110.1,0.18,26130.0,998.9,461.9,2131.7,6661.0,7.8,1,9.4
2009-06-01,18.56,46.4,214.79,10913.304,110.1,0.21,26130.0,1006.4,508.7,2168.1,6678.0,6.1,1,9.5
2009-07-01,18.59,46.4,214.726,10913.304,110.5,0.16,26130.0,1020.8,498.8,2175.0,6690.4,5.4,0,9.5
2009-08-01,18.67,46.3,215.445,10913.304,110.5,0.16,26130.0,1089.1,525.7,2197.9,6717.2,4.4,0,9.6
2009-09-01,18.7,46.3,215.861,10913.304,110.5,0.15,26130.0,995.4,524.9,2207.2,6725.2,5.5,0,9.8
2009-10-01,18.74,46.3,216.509,10913.304,111.0,0.12,26130.0,1003.6,542.4,2218.8,6754.3,5.1,0,10.0
2009-11-01,18.8,46.2,217.234,10913.304,111.0,0.12,26130.0,1017.4,534.0,2219.7,6748.6,5.5,0,9.9
2009-12-01,18.84,46.3,217.347,10913.304,111.0,0.12,26130.0,1021.6,564.4,2230.2,6800.8,5.4,0,9.9
2010-01-01,18.88,46.1,217.488,11319.008,111.4,0.11,26180.0,1006.1,562.7,2241.5,6808.5,5.6,0,9.8
2010-02-01,18.91,46.1,217.281,11319.008,111.4,0.13,26180.0,1005.2,551.1,2246.6,6841.7,5.3,0,9.8
2010-03-01,18.92,45.9,217.353,11319.008,111.4,0.16,26180.0,1052.0,534.3,2247.2,6856.9,5.3,0,9.9
2010-04-01,18.96,45.9,217.403,11319.008,111.9,0.2,26180.0,1046.0,533.5,2257.0,6879.3,6.0,0,9.9
2010-05-01,19.01,45.8,217.29,11319.008,111.9,0.2,26180.0,1041.7,543.5,2241.3,6927.9,6.4,0,9.6
2010-06-01,19.03,45.9,217.199,11319.008,111.9,0.18,26180.0,1044.1,541.6,2243.7,6943.5,6.2,0,9.4
2010-07-01,19.04,45.9,217.605,11319.008,112.3,0.18,26180.0,1047.5,550.7,2246.2,6974.5,6.1,0,9.4
2010-08-01,19.11,45.8,217.923,11319.008,112.3,0.19,26180.0,1053.7,554.4,2262.2,6991.2,6.2,0,9.5
2010-09-01,19.11,45.8,218.275,11319.008,112.3,0.19,26180.0,1056.1,554.0,2279.7,6991.3,6.1,0,9.5
2010-10-01,19.21,45.7,219.035,11319.008,112.9,0.19,26180.0,1079.2,568.2,2297.9,7009.3,5.9,0,9.4
2010-11-01,19.21,45.7,219.59,11319.008,112.9,0.19,26180.0,1077.5,582.0,2323.4,7032.7,5.8,0,9.8
2010-12-01,19.23,45.6,220.472,11319.008,112.9,0.18,26180.0,1078.7,621.6,2339.8,7052.5,6.2,0,9.3
2011-01-01,19.33,45.4,221.187,11855.88,113.2,0.17,26590.0,1085.0,607.3,2365.4,7063.8,6.6,0,9.1
2011-02-01,19.31,45.2,221.898,11855.88,113.2,0.16,26590.0,1083.8,596.7,2373.5,7083.4,6.9,0,9.0
2011-03-01,19.3,44.7,223.046,11855.88,113.2,0.14,26590.0,1095.0,628.8,2404.4,7120.3,6.3,0,9.0
2011-04-01,19.36,44.5,224.093,11855.88,113.7,0.1,26590.0,1090.9,637.7,2430.4,7130.8,6.3,0,9.1
2011-05-01,19.41,44.3,224.806,11855.88,113.7,0.09,26590.0,1081.2,646.0,2425.1,7165.9,6.3,0,9.0
2011-06-01,19.41,44.3,224.806,11855.88,113.7,0.09,26590.0,1076.6,638.0,2439.2,7179.0,6.5,0,9.1
2011-07-01,19.48,44.3,225.395,11855.88,114.2,0.07,26590.0,1085.7,651.5,2430.5,7215.4,6.7,0,9.0
2011-08-01,19.47,44.1,226.106,11855.88,114.2,0.1,26590.0,1085.2,641.5,2433.8,7231.2,6.7,0,9.0
2011-09-01,19.49,44.1,226.597,11855.88,114.2,0.08,26590.0,1101.3,644.8,2446.7,7235.2,6.4,0,9.0
2011-10-01,19.56,44.2,226.75,11855.88,114.7,0.07,26590.0,1114.4,643.2,2446.9,7241.6,6.3,0,8.8
2011-11-01,19.56,44.2,227.169,11855.88,114.7,0.08,26590.0,1107.9,634.6,2454.7,7244.2,6.4,0,8.6
2011-12-01,19.57,44.3,227.223,11855.88,114.7,0.07,26590.0,1114.9,622.0,2444.8,7258.1,7.2,0,8.5
2012-01-01,19.59,44.1,227.842,12408.28,115.3,0.08,26990.0,1130.4,609.4,2470.0,7296.4,7.4,0,8.3
2012-02-01,19.58,43.9,228.329,12408.28,115.3,0.1,26990.0,1145.9,635.3,2501.3,7340.0,7.3,0,8.3
2012-03-01,19.64,43.6,228.807,12408.28,115.3,0.13,26990.0,1138.0,617.9,2500.5,7355.4,7.6,0,8.2
2012-04-01,19.67,43.5,229.187,12408.28,115.8,0.14,26990.0,1137.4,641.2,2500.7,7380.5,7.9,0,8.2
2012-05-01,19.68,43.5,228.713,12408.28,115.8,0.16,26990.0,1133.4,631.2,2486.6,7386.8,7.9,0,8.2
2012-06-01,19.71,43.6,228.524,12408.28,115.8,0.16,26990.0,1129.9,609.9,2461.2,7398.8,7.9,0,8.2
2012-07-01,19.75,43.6,228.59,12408.28,116.3,0.16,26990.0,1134.7,613.9,2460.3,7421.8,7.0,0,8.2
2012-08-01,19.74,43.4,229.918,12408.28,116.3,0.13,26990.0,1138.4,642.0,2498.5,7419.1,6.7,0,8.1
2012-09-01,19.79,43.2,231.015,12408.28,116.3,0.14,26990.0,1151.9,646.1,2511.6,7441.8,7.2,0,7.8
2012-10-01,19.79,43.2,231.638,12408.28,116.7,0.16,26990.0,1141.2,661.5,2524.4,7471.9,7.8,0,7.8
2012-11-01,19.85,43.4,231.249,12408.28,116.7,0.16,26990.0,1169.4,637.3,2509.9,7499.1,8.7,0,7.7
2012-12-01,19.91,43.6,231.221,12408.28,116.7,0.16,26990.0,1180.1,609.0,2497.2,7503.9,10.9,0,7.9
2013-01-01,19.94,43.4,231.679,12391.235,117.4,0.14,27680.0,1193.1,637.0,2543.4,7515.8,4.9,0,8.0
2013-02-01,19.99,43.1,232.937,12391.235,117.4,0.15,27680.0,1194.2,666.3,2561.7,7534.6,4.7,0,7.7
2013-03-01,20.01,43.0,232.282,12391.235,117.4,0.14,27680.0,1181.9,669.2,2535.8,7572.4,4.8,0,7.5
2013-04-01,20.04,43.0,231.797,12391.235,118.0,0.15,27680.0,1184.1,636.9,2512.2,7584.8,5.1,0,7.6
2013-05-01,20.04,42.9,231.893,12391.235,118.0,0.11,27680.0,1189.3,629.6,2526.9,7605.4,5.3,0,7.5
2013-06-01,20.13,42.8,232.445,12391.235,118.0,0.09,27680.0,1189.5,629.7,2529.7,7625.3,5.4,0,7.5
2013-07-01,20.14,42.8,232.9,12391.235,118.4,0.09,27680.0,1193.6,623.2,2549.3,7629.7,5.2,0,7.3
2013-08-01,20.17,42.8,233.456,12391.235,118.4,0.08,27680.0,1190.8,629.6,2550.2,7665.5,5.2,0,7.2
2013-09-01,20.23,42.7,233.544,12391.235,118.4,0.08,27680.0,1191.4,633.4,2560.5,7694.0,5.3,0,7.2
2013-10-01,20.25,42.8,233.669,12391.235,119.1,0.09,27680.0,1194.6,633.8,2566.0,7737.4,4.7,0,7.2
2013-11-01,20.31,42.9,234.1,12391.235,119.1,0.08,27680.0,1205.3,651.1,2577.9,7779.3,4.5,0,6.9
2013-12-01,20.34,42.9,234.719,12391.235,119.1,0.09,27680.0,1193.7,657.4,2591.3,7808.2,4.5,0,6.7
2014-01-01,20.39,42.8,235.288,12998.394,119.4,0.07,28760.0,1177.5,684.5,2589.4,7811.9,5.2,0,6.6
2014-02-01,20.51,42.6,235.547,12998.394,119.4,0.07,28760.0,1208.9,671.1,2610.8,7817.2,5.3,0,6.7
2014-03-01,20.5,42.3,236.028,12998.394,119.4,0.08,28760.0,1236.3,667.6,2608.1,7877.9,5.2,0,6.7
2014-04-01,20.52,42.2,236.468,12998.394,120.2,0.09,28760.0,1234.7,666.4,2639.0,7888.6,5.4,0,6.2
2014-05-01,20.53,42.0,236.918,12998.394,120.2,0.09,28760.0,1243.5,654.1,2636.3,7927.5,5.6,0,6.3
2014-06-01,20.6,42.0,237.231,12998.394,120.2,0.1,28760.0,1254.5,641.5,2649.5,7957.7,5.6,0,6.1
2014-07-01,20.61,42.0,237.498,12998.394,121.1,0.09,28760.0,1253.8,636.2,2660.5,7990.1,5.5,0,6.2
2014-08-01,20.66,42.0,237.46,12998.394,121.1,0.09,28760.0,1264.0,640.6,2670.1,8049.5,5.3,0,6.1
2014-09-01,20.66,42.0,237.477,12998.394,121.1,0.09,28760.0,1266.0,626.7,2651.3,8074.1,5.5,0,5.9
2014-10-01,20.7,42.1,237.43,12998.394,121.8,0.09,28760.0,1269.8,629.1,2666.2,8128.7,5.4,0,5.7
2014-11-01,20.77,42.3,236.983,12998.394,121.8,0.09,28760.0,1279.0,621.4,2655.8,8149.1,5.6,0,5.8
2014-12-01,20.71,42.6,236.252,12998.394,121.8,0.12,28760.0,1279.2,577.3,2634.7,8182.2,6.0,0,5.6
2015-01-01,20.8,42.8,234.747,13532.854,122.6,0.11,30240.0,1280.2,538.9,2587.0,8199.5,6.3,0,5.7
2015-02-01,20.84,42.6,235.342,13532.854,122.6,0.11,30240.0,1283.8,574.2,2604.6,8228.3,6.4,0,5.5
2015-03-01,20.91,42.4,235.976,13532.854,122.6,0.11,30240.0,1309.2,563.5,2625.7,8241.2,5.9,0,5.4
2015-04-01,20.92,42.3,236.222,13532.854,122.8,0.12,30240.0,1315.9,543.3,2617.4,8275.8,5.9,0,5.4
2015-05-01,20.98,42.1,237.001,13532.854,122.8,0.12,30240.0,1319.6,559.5,2649.4,8306.5,5.8,0,5.6
2015-06-01,21.0,41.9,237.657,13532.854,122.8,0.13,30240.0,1317.8,569.5,2656.7,8333.4,5.7,0,5.3
2015-07-01,21.03,41.9,238.034,13532.854,123.6,0.13,30240.0,1324.7,566.7,2676.5,8363.7,5.6,0,5.2
2015-08-01,21.11,42.0,238.033,13532.854,123.6,0.14,30240.0,1330.9,564.1,2672.5,8392.8,5.6,0,5.1
2015-09-01,21.09,42.0,237.498,13532.854,123.6,0.14,30240.0,1325.1,531.1,2651.1,8410.2,5.8,0,5.0
2015-10-01,21.19,42.0,237.733,13532.854,124.3,0.12,30240.0,1317.5,523.4,2637.2,8440.2,5.8,0,5.0
2015-11-01,21.21,42.1,238.017,13532.854,124.3,0.12,30240.0,1332.1,508.7,2649.4,8441.7,5.6,0,5.1
2015-12-01,21.23,42.3,237.761,13532.854,124.3,0.24,30240.0,1332.8,489.8,2644.6,8474.6,5.8,0,5.0
2016-01-01,21.31,42.2,237.652,13928.899,125.1,0.34,31100.0,1329.7,491.1,2630.2,8518.0,6.1,0,4.8
2016-02-01,21.33,42.2,237.336,13928.899,125.1,0.38,31100.0,1353.1,466.7,2631.0,8570.5,5.6,0,4.9
2016-03-01,21.39,42.0,238.08,13928.899,125.1,0.36,31100.0,1333.2,474.7,2637.4,8566.4,5.9,0,5.0
2016-04-01,21.46,41.8,238.992,13928.899,126.0,0.37,31100.0,1339.2,497.5,2660.0,8612.3,5.5,0,5.1
2016-05-01,21.47,41.6,239.557,13928.899,126.0,0.37,31100.0,1340.2,508.5,2672.3,8640.2,5.3,0,4.8
2016-06-01,21.52,41.5,240.222,13928.899,126.0,0.38,31100.0,1358.2,525.6,2701.5,8671.5,4.9,0,4.9
2016-07-01,21.58,41.6,240.101,13928.899,126.6,0.39,31100.0,1365.6,515.0,2676.4,8714.7,5.1,0,4.8
2016-08-01,21.6,41.5,240.545,13928.899,126.6,0.4,31100.0,1363.4,516.6,2682.2,8742.5,5.1,0,4.9
2016-09-01,21.62,41.4,241.176,13928.899,126.6,0.4,31100.0,1369.9,519.2,2694.8,8781.9,5.1,0,5.0
2016-10-01,21.71,41.4,241.741,13928.899,127.3,0.4,31100.0,1375.5,514.7,2701.5,8790.1,5.3,0,4.9
2016-11-01,21.72,41.4,242.026,13928.899,127.3,0.41,31100.0,1357.7,513.2,2700.7,8834.7,5.4,0,4.7
2016-12-01,21.76,41.4,242.637,13928.899,127.3,0.54,31100.0,1392.1,551.2,2730.6,8883.2,5.0,0,4.7
2017-01-01,21.82,41.2,243.618,14613.927,128.2,0.65,31960.0,1384.9,525.1,2751.5,8927.3,5.3,0,4.7
2017-02-01,21.84,41.1,244.006,14613.927,128.2,0.66,31960.0,1390.3,524.6,2757.7,8940.4,5.6,0,4.6
2017-03-01,21.88,41.0,243.892,14613.927,128.2,0.79,31960.0,1380.1,543.3,2770.2,8989.7,5.6,0,4.4
2017-04-01,21.94,40.9,244.193,14613.927,129.0,0.9,31960.0,1390.8,546.1,2778.6,8999.7,5.7,0,4.4
2017-05-01,21.97,40.9,244.004,14613.927,129.0,0.91,31960.0,1388.8,538.1,2755.8,9027.2,6.3,0,4.4
2017-06-01,22.02,40.8,244.163,14613.927,129.0,1.04,31960.0,1403.5,532.9,2771.4,9050.2,6.0,0,4.3
2017-07-01,22.07,40.9,244.243,14613.927,129.9,1.15,31960.0,1412.6,524.1,2763.0,9087.6,6.0,0,4.3
2017-08-01,22.1,40.7,245.183,14613.927,129.9,1.16,31960.0,1403.5,534.0,2788.8,9102.4,6.1,0,4.4
2017-09-01,22.18,40.5,246.435,14613.927,129.9,1.15,31960.0,1437.3,576.4,2842.9,9137.1,5.9,0,4.3
2017-10-01,22.18,40.5,246.626,14613.927,130.8,1.15,31960.0,1447.1,566.2,2825.8,9174.6,6.0,0,4.2
2017-11-01,22.23,40.5,247.284,14613.927,130.8,1.16,31960.0,1467.0,577.6,2856.9,9216.7,5.6,0,4.2
2017-12-01,22.3,40.6,247.805,14613.927,130.8,1.3,31960.0,1485.0,610.3,2893.0,9288.0,5.0,0,4.1
2018-01-01,22.36,40.3,248.859,15454.039,132.0,1.41,33710.0,1478.2,612.1,2906.9,9318.2,5.7,0,4.0
2018-02-01,22.41,40.2,249.529,15454.039,132.0,1.42,33710.0,1490.7,580.3,2906.9,9341.2,5.8,0,4.1
2018-03-01,22.49,40.1,249.577,15454.039,132.0,1.51,33710.0,1481.1,609.3,2900.0,9412.1,5.9,0,4.0
2018-04-01,22.55,39.9,250.227,15454.039,132.8,1.69,33710.0,1478.4,622.2,2909.1,9451.0,6.0,0,4.0
2018-05-01,22.6,39.7,250.792,15454.039,132.8,1.7,33710.0,1498.8,605.0,2939.3,9466.9,6.0,0,3.8
2018-06-01,22.66,39.7,251.018,15454.039,132.8,1.82,33710.0,1487.2,616.5,2916.9,9526.3,6.3,0,4.0
2018-07-01,22.7,39.7,251.214,15454.039,133.9,1.91,33710.0,1492.6,608.6,2926.3,9555.9,6.5,0,3.8
2018-08-01,22.78,39.7,251.663,15454.039,133.9,1.91,33710.0,1497.0,619.9,2929.1,9587.9,6.6,0,3.8
2018-09-01,22.86,39.6,252.182,15454.039,133.9,1.95,33710.0,1485.2,619.5,2937.1,9595.5,6.8,0,3.7
2018-10-01,22.89,39.5,252.772,15454.039,134.9,2.19,33710.0,1483.9,633.5,2958.0,9641.1,6.7,0,3.8
2018-11-01,23.0,39.7,252.594,15454.039,134.9,2.2,33710.0,1519.6,621.9,2976.3,9667.1,6.5,0,3.8
2018-12-01,23.11,39.8,252.767,15454.039,134.9,2.27,33710.0,1473.3,595.7,2898.7,9679.7,8.4,0,3.9
2019-01-01,23.13,39.7,252.561,16164.498,135.8,2.4,35980.0,1469.9,568.8,2929.4,9685.3,8.4,0,4.0
2019-02-01,23.19,39.6,253.319,16164.498,135.8,2.4,35980.0,1472.8,584.8,2936.4,9708.2,8.5,0,3.8
2019-03-01,23.29,39.3,254.277,16164.498,135.8,2.41,35980.0,1505.1,604.4,2976.6,9766.9,7.9,0,3.8
2019-04-01,23.33,39.1,255.233,16164.498,136.8,2.42,35980.0,1496.6,614.7,3002.2,9791.2,7.6,0,3.7
2019-05-01,23.4,39.0,255.296,16164.498,136.8,2.39,35980.0,1525.5,603.2,3011.3,9816.5,7.3,0,3.6
2019-06-01,23.48,39.0,255.213,16164.498,136.8,2.38,35980.0,1531.5,584.0,3016.9,9860.2,7.1,0,3.6
2019-07-01,23.53,39.0,255.802,16164.498,137.9,2.4,35980.0,1538.1,595.3,3036.2,9921.7,6.8,0,3.7
2019-08-01,23.61,39.0,256.036,16164.498,137.9,2.13,35980.0,1541.0,592.7,3040.4,9976.8,6.9,0,3.6
2019-09-01,23.68,38.9,256.43,16164.498,137.9,2.04,35980.0,1553.5,589.9,3019.3,10017.8,7.0,0,3.5
2019-10-01,23.75,38.9,257.155,16164.498,138.9,1.83,35980.0,1531.8,593.3,3034.0,10051.6,7.1,0,3.6
2019-11-01,23.83,38.9,257.879,16164.498,138.9,1.55,35980.0,1557.4,605.8,3046.0,10107.6,6.9,0,3.6
2019-12-01,23.84,38.9,258.63,16164.498,138.9,1.55,35980.0,1560.4,589.9,3061.4,10153.0,6.2,0,3.6
2020-01-01,23.91,38.8,259.127,17374.805,140.3,1.55,35850.0,1540.3,568.0,3055.4,10248.6,7.0,0,3.6
2020-02-01,24.03,38.7,259.25,17374.805,140.3,1.58,35850.0,1545.7,570.7,3054.3,10233.9,7.5,0,3.5
2020-03-01,24.13,38.7,258.076,17374.805,140.3,0.65,35850.0,1339.1,494.2,3134.4,9337.0,12.4,1,4.4
2020-04-01,25.14,39.0,256.032,17374.805,140.8,0.05,35850.0,1170.3,416.8,2733.4,8330.8,32.0,1,14.8
2020-05-01,24.98,39.0,255.802,17374.805,140.8,0.05,35850.0,1522.9,440.3,2953.0,8775.8,22.8,0,13.2
2020-06-01,24.78,38.8,257.042,17374.805,140.8,0.08,35850.0,1674.0,479.0,3102.8,9264.0,18.4,0,11.0
2020-07-01,24.69,38.6,258.352,17374.805,141.6,0.09,35850.0,1731.0,503.1,3151.1,9421.7,17.8,0,10.2
2020-08-01,24.8,38.5,259.316,17374.805,141.6,0.1,35850.0,1752.4,498.3,3140.5,9562.0,13.9,0,8.4
2020-09-01,24.82,38.4,259.997,17374.805,141.6,0.09,35850.0,1771.8,513.6,3199.0,9704.6,13.1,0,7.8
2020-10-01,24.84,38.4,260.319,17374.805,142.8,0.09,35850.0,1775.2,502.2,3175.7,9775.1,12.6,0,6.9
2020-11-01,24.95,38.4,260.911,17374.805,142.8,0.09,35850.0,1771.1,486.0,3168.7,9765.2,11.8,0,6.7
2020-12-01,25.17,38.4,262.045,17374.805,142.8,0.09,35850.0,1809.4,533.4,3209.2,9808.8,11.8,0,6.7
2021-01-01,25.17,38.2,262.639,18714.4,144.5,0.09,37520.0,1870.5,543.0,3295.8,9915.3,19.2,0,6.4
2021-02-01,25.26,38.0,263.573,18714.4,144.5,0.08,37520.0,1808.4,582.8,3242.6,9933.4,12.6,0,6.2
2021-03-01,25.35,37.8,264.847,18714.4,144.5,0.07,37520.0,2073.3,603.6,3456.3,10182.7,25.9,0,6.1
2021-04-01,25.51,37.4,266.625,18714.4,145.8,0.07,37520.0,2099.5,603.8,3480.6,10334.8,12.0,0,6.1
2021-05-01,25.68,37.1,268.404,18714.4,145.8,0.06,37520.0,2026.6,620.9,3461.2,10462.7,9.6,0,5.8
2021-06-01,25.81,36.8,270.71,18714.4,145.8,0.08,37520.0,2024.9,653.5,3538.1,10620.6,8.4,0,5.9
2021-07-01,25.96,36.6,271.965,18714.4,148.0,0.1,37520.0,1947.8,652.5,3505.3,10770.4,9.2,0,5.4
2021-08-01,26.11,36.6,272.752,18714.4,148.0,0.09,37520.0,1953.9,670.0,3561.4,10875.3,8.4,0,5.1
2021-09-01,26.3,36.5,273.942,18714.4,148.0,0.08,37520.0,1958.2,676.3,3579.0,10940.3,7.2,0,4.7
2021-10-01,26.46,36.2,276.528,18714.4,149.9,0.08,37520.0,2034.1,690.8,3633.7,11026.2,6.6,0,4.5
2021-11-01,26.56,36.0,278.824,18714.4,149.9,0.08,37520.0,2051.6,724.4,3681.9,11115.4,6.1,0,4.2
2021-12-01,26.76,35.9,280.806,18714.4,149.9,0.08,37520.0,2034.5,729.2,3685.3,11185.7,6.0,0,3.9
2022-01-01,26.91,35.6,282.542,18844.013,151.7,0.08,40480.0,2102.7,748.1,3706.2,11208.9,3.6,0,4.0
2022-02-01,26.98,35.2,284.525,18844.013,151.7,0.08,40480.0,2068.8,778.6,3741.0,11326.3,3.6,0,3.8
2022-03-01,27.12,34.8,287.467,18844.013,151.7,0.2,40480.0,2082.0,848.1,3837.7,11451.8,2.7,0,3.7
2022-04-01,27.28,34.6,288.582,18844.013,154.0,0.33,40480.0,2107.7,845.3,3840.5,11545.6,2.2,0,3.7
2022-05-01,27.4,34.2,291.299,18844.013,154.0,0.77,40480.0,2056.7,878.1,3885.6,11627.6,2.3,0,3.6
2022-06-01,27.53,33.7,295.072,18844.013,154.0,1.21,40480.0,2072.0,918.8,3950.7,11724.9,2.0,0,3.6
2022-07-01,27.66,33.8,294.94,18844.013,155.8,1.68,40480.0,2067.8,864.5,3896.4,11779.8,3.1,0,3.5
2022-08-01,27.74,33.8,295.162,18844.013,155.8,2.33,40480.0,2091.7,819.3,3882.2,11923.6,3.1,0,3.6
2022-09-01,27.85,33.7,296.421,18844.013,155.8,2.56,40480.0,2090.7,798.4,3890.1,12006.4,3.1,0,3.5
2022-10-01,28.0,33.6,297.979,18844.013,157.6,3.08,40480.0,2108.7,818.2,3916.7,12070.8,3.2,0,3.6
2022-11-01,28.12,33.6,298.708,18844.013,157.6,3.78,40480.0,2052.6,823.6,3912.4,12129.0,3.4,0,3.6
2022-12-01,28.23,33.7,298.808,18844.013,157.6,4.1,40480.0,2035.0,801.9,3873.1,12226.5,3.7,0,3.5
2023-01-01,28.31,33.4,300.456,20546.8,159.4,4.33,42220.0,2172.1,766.0,3941.4,12361.7,4.2,0,3.5
2023-02-01,28.43,33.2,301.476,20546.8,159.4,4.57,42220.0,2147.3,786.6,3964.7,12420.1,4.6,0,3.6
2023-03-01,28.59,33.1,301.643,20546.8,159.4,4.65,42220.0,2119.6,788.2,3909.3,12482.5,5.3,0,3.5
2023-04-01,28.69,33.0,302.858,20546.8,161.1,4.83,42220.0,2143.5,783.4,3953.7,12541.4,5.0,0,3.4
2023-05-01,28.78,32.9,303.316,20546.8,161.1,5.06,42220.0,2147.0,747.7,3938.4,12591.0,5.2,0,3.6
2023-06-01,28.89,32.8,304.099,20546.8,161.1,5.08,42220.0,2138.7,746.6,3943.1,12660.3,5.0,0,3.6
2023-07-01,29.02,32.7,304.615,20546.8,162.7,5.12,42220.0,2144.5,763.3,3965.1,12740.9,4.6,0,3.5
2023-08-01,29.06,32.6,306.138,20546.8,162.7,5.33,42220.0,2132.2,799.5,4012.9,12766.4,4.7,0,3.7
2023-09-01,29.16,32.5,307.374,20546.8,162.7,5.33,42220.0,2148.4,803.0,4040.6,12835.9,4.4,0,3.8
2023-10-01,29.27,32.5,307.653,20546.8,164.4,5.33,42220.0,2127.6,789.3,4038.1,12903.9,4.5,0,3.9
2023-11-01,29.38,32.6,308.087,20546.8,164.4,5.33,42220.0,2133.9,763.7,4022.0,12995.1,4.6,0,3.7
2023-12-01,29.48,32.6,308.735,20546.8,164.4,5.33,42220.0,2156.5,762.1,4046.2,13087.2,4.4,0,3.8
2024-01-01,29.61,32.4,309.794,21634.493,166.2,5.33,42220.0,2113.0,753.4,4002.8,13192.6,5.5,0,3.7
2024-02-01,29.67,32.2,311.022,21634.493,166.2,5.33,42220.0,2128.6,749.3,4005.6,13278.5,5.4,0,3.9
2024-03-01,29.8,32.0,312.107,21634.493,166.2,5.33,42220.0,2140.3,768.8,4056.2,13356.7,5.2,0,3.9
2024-04-01,29.85,31.9,313.016,21634.493,167.6,5.33,42220.0,2129.3,785.8,4056.7,13417.3,5.1,0,3.9
2024-05-01,29.97,31.8,313.14,21634.493,167.6,5.33,42220.0,2151.7,782.3,4067.2,13478.5,4.9,0,4.0
2024-06-01,30.07,31.8,313.131,21634.493,167.6,5.33,42220.0,2144.5,760.0,4064.5,13538.5,4.8,0,4.1
2024-07-01,30.17,31.8,313.566,21634.493,168.9,5.33,42220.0,2170.9,761.8,4096.3,13599.0,4.3,0,4.2
2024-08-01,30.27,31.8,314.131,21634.493,168.9,5.33,42220.0,2148.8,749.4,4080.4,13675.7,4.2,0,4.2
2024-09-01,30.38,31.7,314.851,21634.493,168.9,5.13,42220.0,2185.6,737.6,4113.3,13745.2,3.8,0,4.1
2024-10-01,30.49,31.7,315.564,21634.493,170.4,4.83,42220.0,2188.0,731.2,4104.6,13840.3,4.0,0,4.1
2024-11-01,30.58,31.7,316.449,21634.493,170.4,4.64,42220.0,2237.3,718.6,4105.8,13899.6,3.8,0,4.2
2024-12-01,30.68,31.7,317.603,21634.493,170.4,4.48,42220.0,2267.3,761.4,4154.5,13990.8,3.5,0,4.1
2025-01-01,30.84,31.5,319.086,21634.493,170.4,4.33,42220.0,2198.4,787.2,4146.6,14036.7,4.6,0,4.0
2025-02-01,30.84,31.5,319.086,21634.493,170.4,4.33,42220.0,2198.4,787.2,4146.6,14036.7,4.6,0,4.0
